Workbook

Sheet Sheet1
B1: D A S T U R I
B2: 1. Dastur quyidagi hujjatlar asosida ishlab chiqilgan:
B3: Vazirlar Mahkamasining 2024 yil 19 oktyabrdagi “Yoqilg‘i-energetika resurslari iste’molchilarini hamda bino va inshootlarni energiya iste’molini energiya auditidan o‘tkazish tartiblarini belgilash to‘g‘risida”gi 690-sonli qarori;
B4: O‘zbekiston Respublikasining 2024 yil 7 avgustda qabul qilingan “Energiya tejash, undan oqilona foydalanish va energiya samaradorligini oshirish to‘g‘risida”gi 940-sonli Qonuni;
B5: O‘zbekistan Respublikasi Prezidentining 2019 yil 22 avgustdagi "Iqtisodiyot tarmoqlari va ijtimoiy sohaning energiya samaradorligini oshirish, energiya tejovchi texnologiyalarni joriy etish va qayta tiklanuvchi energiya manbalarini rivojlantirishning tezkor chora-tadbirlari to‘g‘risida"gi PQ-4422-son qaror;
A6: 1 | B6: O‘zbekiston Respublikasi Vazirlar Mahkamasining 2024 yil 31-maydagi “Elektr energiyasi va tabiiy gazdan foydalanish qoidalarini tasdiqlash to‘g‘risida”gi 319-sonli qarori;
A7: 2 | B7: (joylashgan manzili, uning identifikatsiya raqami va IFUD kodi)shaklidagi korxonasining energiya xo‘jaligi ob’yektlarida davriy energetika tekshiruvi (energoaudit) o‘tkazish to‘g‘risidagi shartnoma;
A8: 3 | B8: 1.1. Energiya auditidan o‘tkazish dasturining amal qilish muddati O‘zenergoinspeksiya tomonidan tasdiqlangan kundan boshlab dastlabki va davriy energiya auditidan o‘tkazishda bir yildan ko‘p bo‘lmagan hamda ekspress energiya auditidan ikki oydan ko‘p bo‘lmagan muddatga teng bo‘ladi.
A9: 4 | B9: 1.2. Yiliga besh yuz va undan ortiq tonna shartli yoqilg‘ini va (yoki) ikki yuz ellik va undan ortiq tonna motor yoqilg‘isini sarflaydigan yoqilg‘i-energetika resurslari iste’molchilari tomonidan belgilangan muddatlarda majburiy energetika tekshiruvlarini o‘tkazmaslik yoki ular tomonidan majburiy energetika tekshiruvlari natijasida belgilangan chora-tadbirlarni bajarmaslik - o‘rtacha oylik energiya iste’moli qiymatining uch foizi miqdorida jarima solishga sabab bo‘ladi
A10: 5 | B10: 2. Energetika tekshiruvi (energoaudit) o‘tkazishda quyidagilar o‘rganiladi:
A11: 6 | B11: Elektr ta’minoti:
A12: 7 | B12: elektr iste’moli rejimlari va elektr balansini tuzish;
A13: 8 | B13: elektr qabul qilgichlarning parametrlarini tekshirish va o‘lchash;
A14: 9 | B14: sexlarni bug‘ bilan ta’minlash ichki tizimining bug‘-kondensat balansini tuzish;
A15: 10 | B15: kondensatni manbaga qaytarish;
A16: 11 | B16: Yoqilg‘i energiya resurslari (keyingi o‘rinda YoER deb yuritiladi) iste’molchisining tuzilmasi va bo‘linmalardagi energiya iste’moli tavsifi;
A17: 12 | B17: energiya resurslari turlari bo‘yicha xususiy energiya balanslari;
... A121: 116 | B121: 4.1. Energiya auditi natijasi bo‘yicha hisobot va energetika pasporti O‘zenergoinspeksiyaning hududiy boshqarmalari tomonidan belgilangan tartibda qabul qilinmagunga qadar iste’molchida energiya auditi tamomlangan deb hisoblanmaydi.

Sheet Узел учета 
J1: Таблица 1
B2: Пункты учёта | C2: Вид учёта мощности электроэнергии (активная, реактивная) | E2: Место установки измерительных трансформаторов | G2: Коэффициент учёта | H2: Дата пломбировки | I2: Дата пломбировки поставщика | J2: Примечание
C3: P | D3: Q | E3: TT | F3: КT
C4: кВт·ч | D4: кВАр·ч
B5: Трёхфазый счётчик ЕХ518 124200393818 | C5: 4950000 | D5: 1825000 | E5: 1200/5 | F5: 0.4 | G5: 240 | H5: 12.2024 | I5: 12.2024 | J5: ПС «Каракамиш» 35/6 кВ
B6: Трёхфазый счётчик ЕХ518 124200507111 | E6: 1200/6 | F6: 0.4 | G6: 240 | H6: 12.2024 | I6: 12.2024 | J6: ПС «Каракамиш» 35/6 кВ
B7: Трёхфазый счётчик ЕХ518 124200573458 | E7: 1200/7 | F7: 0.4 | G7: 300 | H7: 12.2024 | I7: 12.2024 | J7: ПС «Каракамиш» 35/6 кВ

Sheet Структура пр 2
A1: 2022 год
A2: Структура параметров энергетического баланса | P2: Структура параметров энергетического баланса | AE2: Структура параметров энергетического баланса | AT2: Структура параметров энергетического баланса
M3: Таблица 2 | AB3: Таблица 2 | AQ3: Таблица 2 | BF3: Таблица 2
A4: 2022 год 1 квартал | P4: 2022 год 2 квартал | AE4: 2022 год 3 квартал | AT4: 2022 год 4 квартал
A5: Структура параметров баланса | B5: Электроэнергия | D5: Тепловая энергия | E5: Газ | F5: Мазут | G5: Уголь | H5: Нефтепродукты | M5: Вода | N5: Примечание | P5: Структура параметров баланса | Q5: Электроэнергия | S5: Тепловая энергия | T5: Газ | U5: Мазут | V5: Уголь | W5: Нефтепродукты | AB5: Вода | AC5: Примечание | AE5: Структура параметров баланса | AF5: Электроэнергия | AH5: Тепловая энергия | AI5: Газ | AJ5: Мазут | AK5: Уголь | AL5: Нефтепродукты | AQ5: Вода | AR5: Примечание | AT5: Структура параметров баланса | AU5: Электроэнергия | AW5: Тепловая энергия | AX5: Газ | AY5: Мазут | AZ5: Уголь | BA5: Нефтепродукты | BF5: Вода | BG5: Примечание
B6: актив Р | C6: реактив Q | H6: Д/Т | I6: Бензин | J6: Керосин | K6: Горюче-смазочные материалы | L6: Прочие | Q6: актив Р | R6: реактив Q | W6: Д/Т | X6: Бензин | Y6: Керосин | Z6: Горюче-смазочные материалы | AA6: Прочие | AF6: актив Р | AG6: реактив Q | AL6: Д/Т | AM6: Бензин | AN6: Керосин | AO6: Горюче-смазочные материалы | AP6: Прочие | AU6: актив Р | AV6: реактив Q | BA6: Д/Т | BB6: Бензин | BC6: Керосин | BD6: Горюче-смазочные материалы | BE6: Прочие
B7: кВт·ч | C7: кВар·ч | D7: Гкал | E7: тыс. м³ | F7: тонна | G7: тонна | H7: тонна | M7: м³ | Q7: кВт·ч | R7: кВар·ч | S7: Гкал | T7: тыс. м³ | U7: тонна | V7: тонна | W7: тонна | AB7: м³ | AF7: кВт·ч | AG7: кВар·ч | AH7: Гкал | AI7: тыс. м³ | AJ7: тонна | AK7: тонна | AL7: тонна | AQ7: м³ | AU7: кВт·ч | AV7: кВар·ч | AW7: Гкал | AX7: тыс. м³ | AY7: тонна | AZ7: тонна | BA7: тонна | BF7: м³
A8: Установленная электрическая мощность | B8: 1200000 | C8: 441600 | P8: Установленная электрическая мощность | Q8: 1200000 | R8: 441600 | AE8: Установленная электрическая мощность | AF8: 1200000 | AG8: 441600 | AT8: Установленная электрическая мощность | AU8: 1350000 | AV8: 500200
A9: транзитным абониментам | P9: транзитным абониментам | AE9: транзитным абониментам | AT9: транзитным абониментам
A10: Общее потребление по предприятию | B10: 1012524 | E10: 15.667 | K10: 1575 | M10: 2400 | P10: Общее потребление по предприятию | Q10: 917947 | T10: 3.736 | Z10: 1575 | AB10: 2400 | AE10: Общее потребление по предприятию | AF10: 1112517 | AI10: 2.487 | AO10: 1575 | AQ10: 2675 | AT10: Общее потребление по предприятию | AU10: 1046423 | AX10: 9.021 | BD10: 1575 | BF10: 2400
A11: для технологических нужд | B11: 795615 | P11: для технологических нужд | Q11: 721299 | AE11: для технологических нужд | AF11: 874187 | AT11: для технологических нужд | AU11: 822252
A12: для собственных нужд | B12: 20250 | E12: 1.296 | K12: 1575 | M12: 2400 | P12: для собственных нужд | Q12: 18359 | T12: 1.296 | Z12: 1575 | AB12: 2400 | AE12: для собственных нужд | AF12: 22250 | AI12: 1.296 | AO12: 1575 | AQ12: 2675 | AT12: для собственных нужд | AU12: 20928 | AX12: 1.296 | BD12: 1575 | BF12: 1575
A13: для производственных нужд | B13: 186358 | P13: для производственных нужд | Q13: 168950 | AE13: для производственных нужд | AF13: 204762 | AT13: для производственных нужд | AU13: 192597
A14: для хозяйственно-бытовых нужд | B14: 10301 | E14: 14.371 | P14: для хозяйственно-бытовых нужд | Q14: 9339 | T14: 2.44 | AE14: для хозяйственно-бытовых нужд | AF14: 11318 | AI14: 1.191 | AT14: для хозяйственно-бытовых нужд | AU14: 10646 | AX14: 7.725
A15: В разрезе видов выпускаемой продукции (основной и побочной) | B15: =B11+B13 -> 981973 | E15: =E11+E13 -> 0 | K15: =K11+K13 -> 0 | M15: =M11+M13 -> 0 | P15: В разрезе видов выпускаемой продукции (основной и побочной) | Q15: =Q11+Q13 -> 890249 | T15: =T11+T13 -> 0 | Z15: =Z11+Z13 -> 0 | AB15: =AB11+AB13 -> 0 | AE15: В разрезе видов выпускаемой продукции (основной и побочной) | AF15: =AF11+AF13 -> 1078949 | AI15: =AI11+AI13 -> 0 | AO15: =AO11+AO13 -> 0 | AQ15: =AQ11+AQ13 -> 0 | AT15: В разрезе видов выпускаемой продукции (основной и побочной) | AU15: =AU11+AU13 -> 1014849 | AX15: =AX11+AX13 -> 0 | BD15: =BD11+BD13 -> 0 | BF15: =BF11+BF13 -> 0
A16: 1. Продукция (услуга) | P16: 1. Продукция (услуга) | AE16: 1. Продукция (услуга) | AT16: 1. Продукция (услуга)
A17: труба ХВС | B17: 456574 | P17: труба ХВС | Q17: 470864 | AE17: труба ХВС | AF17: 278481 | AT17: труба ХВС | AU17: 340620
A18: фитинги ХВС и ГВС | B18: 291633 | P18: фитинги ХВС и ГВС | Q18: 121145 | AE18: фитинги ХВС и ГВС | AF18: 53092 | AT18: фитинги ХВС и ГВС | AU18: 41910
A19: канализационные трубы | B19: 8739 | P19: канализационные трубы | Q19: 191047 | AE19: канализационные трубы | AF19: 281331 | AT19: канализационные трубы | AU19: 505878
A20: канализационные фитинги | B20: 50336 | P20: канализационные фитинги | Q20: 168385 | AE20: канализационные фитинги | AF20: 132349 | AT20: канализационные фитинги | AU20: 121206
A21: тёплый пол | B21: 104556 | P21: тёплый пол | Q21: 96222 | AE21: тёплый пол | AF21: 90982 | AT21: тёплый пол | AU21: 118319
A23: 2023 год
A24: Структура параметров энергетического баланса | P24: Структура параметров энергетического баланса | AE24: Структура параметров энергетического баланса | AT24: Структура параметров энергетического баланса
M25: Таблица 2 | AB25: Таблица 2 | AQ25: Таблица 2 | BF25: Таблица 2
A26: 2023 год 1 квартал | P26: 2023 год 2 квартал | AE26: 2023 год 3 квартал | AT26: 2023 год 4 квартал
A27: Структура параметров баланса | B27: Электроэнергия | D27: Тепловая энергия | E27: Газ | F27: Мазут | G27: Уголь | H27: Нефтепродукты | M27: Вода | N27: Примечание | P27: Структура параметров баланса | Q27: Электроэнергия | S27: Тепловая энергия | T27: Газ | U27: Мазут | V27: Уголь | W27: Нефтепродукты | AB27: Вода | AC27: Примечание | AE27: Структура параметров баланса | AF27: Электроэнергия | AH27: Тепловая энергия | AI27: Газ | AJ27: Мазут | AK27: Уголь | AL27: Нефтепродукты | AQ27: Вода | AR27: Примечание | AT27: Структура параметров баланса | AU27: Электроэнергия | AW27: Тепловая энергия | AX27: Газ | AY27: Мазут | AZ27: Уголь | BA27: Нефтепродукты | BF27: Вода | BG27: Примечание
B28: актив Р | C28: реактив Q | H28: Д/Т | I28: Бензин | J28: Керосин | K28: Горюче-смазочные материалы | L28: Прочие | Q28: актив Р | R28: реактив Q | W28: Д/Т | X28: Бензин | Y28: Керосин | Z28: Горюче-смазочные материалы | AA28: Прочие | AF28: актив Р | AG28: реактив Q | AL28: Д/Т | AM28: Бензин | AN28: Керосин | AO28: Горюче-смазочные материалы | AP28: Прочие | AU28: актив Р | AV28: реактив Q | BA28: Д/Т | BB28: Бензин | BC28: Керосин | BD28: Горюче-смазочные материалы | BE28: Прочие
B29: кВт·ч | C29: кВар·ч | D29: Гкал | E29: тыс. м³ | F29: тонна | G29: тонна | H29: тонна | M29: м³ | Q29: кВт·ч | R29: кВар·ч | S29: Гкал | T29: тыс. м³ | U29: тонна | V29: тонна | W29: тонна | AB29: м³ | AF29: кВт·ч | AG29: кВар·ч | AH29: Гкал | AI29: тыс. м³ | AJ29: тонна | AK29: тонна | AL29: тонна | AQ29: м³ | AU29: кВт·ч | AV29: кВар·ч | AW29: Гкал | AX29: тыс. м³ | AY29: тонна | AZ29: тонна | BA29: тонна | BF29: м³
A30: Установленная электрическая мощность | B30: 1200000 | C30: 441600 | P30: Установленная электрическая мощность | Q30: 1200000 | R30: 441600 | AE30: Установленная электрическая мощность | AF30: 1200000 | AG30: 441600 | AT30: Установленная электрическая мощность | AU30: 1350000 | AV30: 500200
A31: транзитным абониментам | P31: транзитным абониментам | AE31: транзитным абониментам | AT31: транзитным абониментам
A32: Общее потребление по предприятию | B32: 973143 | E32: 14.0819 | K32: 652.5 | M32: 2400 | P32: Общее потребление по предприятию | Q32: 1322714 | T32: 3.382 | Z32: 652.5 | AB32: 2585 | AE32: Общее потребление по предприятию | AF32: 1488930 | AI32: 2.862 | AO32: 652.5 | AQ32: 2504 | AT32: Общее потребление по предприятию | AU32: 1488271 | AX32: 11.187 | BD32: 652.5 | BF32: 2150
A33: для технологических нужд | B33: 764671 | P33: для технологических нужд | Q33: 1039355 | AE33: для технологических нужд | AF33: 1169963 | AT33: для технологических нужд | AU33: 1169445
A34: для собственных нужд | B34: 19463 | E34: 1.296 | K34: 652.5 | M34: 2400 | P34: для собственных нужд | Q34: 26454 | T34: 1.296 | Z34: 652.5 | AB34: 2585 | AE34: для собственных нужд | AF34: 29779 | AI34: 1.296 | AO34: 652.5 | AQ34: 2504 | AT34: для собственных нужд | AU34: 29765 | AX34: 1.296 | BD34: 652.5 | BF34: 2150
A35: для производственных нужд | B35: 179109 | P35: для производственных нужд | Q35: 243449 | AE35: для производственных нужд | AF35: 274041 | AT35: для производственных нужд | AU35: 273920
A36: для хозяйственно-бытовых нужд | B36: 9900 | E36: 13.523 | P36: для хозяйственно-бытовых нужд | Q36: 13456 | T36: 2.086 | AE36: для хозяйственно-бытовых нужд | AF36: 15147 | AI36: 1.566 | AT36: для хозяйственно-бытовых нужд | AU36: 15141 | AX36: 9.891
A37: В разрезе видов выпускаемой продукции (основной и побочной) | B37: =B33+B35 -> 943780 | E37: =E33+E35 -> 0 | K37: =K33+K35 -> 0 | M37: =M33+M35 -> 0 | P37: В разрезе видов выпускаемой продукции (основной и побочной) | Q37: =Q33+Q35 -> 1282804 | T37: =T33+T35 -> 0 | Z37: =Z33+Z35 -> 0 | AB37: =AB33+AB35 -> 0 | AE37: В разрезе видов выпускаемой продукции (основной и побочной) | AF37: =AF33+AF35 -> 1444004 | AI37: =AI33+AI35 -> 0 | AO37: =AO33+AO35 -> 0 | AQ37: =AQ33+AQ35 -> 0 | AT37: В разрезе видов выпускаемой продукции (основной и побочной) | AU37: =AU33+AU35 -> 1443365 | AX37: =AX33+AX35 -> 0 | BD37: =BD33+BD35 -> 0 | BF37: =BF33+BF35 -> 0
A38: 1. Продукция (услуга) | P38: 1. Продукция (услуга) | AE38: 1. Продукция (услуга) | AT38: 1. Продукция (услуга)
A39: труба ХВС | B39: 597941 | P39: труба ХВС | Q39: 589193 | AE39: труба ХВС | AF39: 672778 | AT39: труба ХВС | AU39: 711350
A40: фитинги ХВС и ГВС | B40: 270720 | P40: фитинги ХВС и ГВС | Q40: 111057 | AE40: фитинги ХВС и ГВС | AF40: 200183 | AT40: фитинги ХВС и ГВС | AU40: 78717
A41: канализационные трубы | B41: 125199 | P41: канализационные трубы | Q41: 253058 | AE41: канализационные трубы | AF41: 294570 | AT41: канализационные трубы | AU41: 213958
A42: канализационные фитинги | B42: 194038 | P42: канализационные фитинги | Q42: 257073 | AE42: канализационные фитинги | AF42: 99738 | AT42: канализационные фитинги | AU42: 129595
A43: тёплый пол | B43: 91680 | P43: тёплый пол | Q43: 113518 | AE43: тёплый пол | AF43: 97935 | AT43: тёплый пол | AU43: 108137
A45: 2024 год
A46: Структура параметров энергетического баланса | P46: Структура параметров энергетического баланса | AE46: Структура параметров энергетического баланса | AT46: Структура параметров энергетического баланса
M47: Таблица 2 | AB47: Таблица 2 | AQ47: Таблица 2 | BF47: Таблица 2
A48: 2024 год 1 квартал | P48: 2024 год 2 квартал | AE48: 2024 год 3 квартал | AT48: 2024 год 4 квартал
A49: Структура параметров баланса | B49: Электроэнергия | D49: Тепловая энергия | E49: Газ | F49: Мазут | G49: Уголь | H49: Нефтепродукты | M49: Вода | N49: Примечание | P49: Структура параметров баланса | Q49: Электроэнергия | S49: Тепловая энергия | T49: Газ | U49: Мазут | V49: Уголь | W49: Нефтепродукты | AB49: Вода | AC49: Примечание | AE49: Структура параметров баланса | AF49: Электроэнергия | AH49: Тепловая энергия | AI49: Газ | AJ49: Мазут | AK49: Уголь | AL49: Нефтепродукты | AQ49: Вода | AR49: Примечание | AT49: Структура параметров баланса | AU49: Электроэнергия | AW49: Тепловая энергия | AX49: Газ | AY49: Мазут | AZ49: Уголь | BA49: Нефтепродукты | BF49: Вода | BG49: Примечание
B50: актив Р | C50: реактив Q | H50: Д/Т | I50: Бензин | J50: Керосин | K50: Горюче-смазочные материалы | L50: Прочие | Q50: актив Р | R50: реактив Q | W50: Д/Т | X50: Бензин | Y50: Керосин | Z50: Горюче-смазочные материалы | AA50: Прочие | AF50: актив Р | AG50: реактив Q | AL50: Д/Т | AM50: Бензин | AN50: Керосин | AO50: Горюче-смазочные материалы | AP50: Прочие | AU50: актив Р | AV50: реактив Q | BA50: Д/Т | BB50: Бензин | BC50: Керосин | BD50: Горюче-смазочные материалы | BE50: Прочие
B51: кВт·ч | C51: кВар·ч | D51: Гкал | E51: тыс. м³ | F51: тонна | G51: тонна | H51: тонна | M51: м³ | Q51: кВт·ч | R51: кВар·ч | S51: Гкал | T51: тыс. м³ | U51: тонна | V51: тонна | W51: тонна | AB51: м³ | AF51: кВт·ч | AG51: кВар·ч | AH51: Гкал | AI51: тыс. м³ | AJ51: тонна | AK51: тонна | AL51: тонна | AQ51: м³ | AU51: кВт·ч | AV51: кВар·ч | AW51: Гкал | AX51: тыс. м³ | AY51: тонна | AZ51: тонна | BA51: тонна | BF51: м³
A52: Установленная электрическая мощность | B52: 1200000 | C52: 441600 | P52: Установленная электрическая мощность | Q52: 1200000 | R52: 441600 | AE52: Установленная электрическая мощность | AF52: 1200000 | AG52: 441600 | AT52: Установленная электрическая мощность | AU52: 1350000 | AV52: 500200
A53: транзитным абониментам | P53: транзитным абониментам | AE53: транзитным абониментам | AT53: транзитным абониментам
A54: Общее потребление по предприятию | B54: 1156453 | E54: 22.078 | K54: 225 | M54: 1238 | P54: Общее потребление по предприятию | Q54: 1038843 | T54: 2.708 | Z54: 225 | AB54: 1849 | AE54: Общее потребление по предприятию | AF54: 1293246 | AI54: 2.171 | AO54: 225 | AQ54: 1827 | AT54: Общее потребление по предприятию | AU54: 1379706 | AX54: 11.802 | BD54: 225 | BF54: 2092
A55: для технологических нужд | B55: 908711 | P55: для технологических нужд | Q55: 816296 | AE55: для технологических нужд | AF55: 1016199 | AT55: для технологических нужд | AU55: 1084138
A56: для собственных нужд | B56: 23129 | E56: 1.296 | K56: 225 | M56: 1238 | P56: для собственных нужд | Q56: 20777 | T56: 1.296 | Z56: 225 | AB56: 1849 | AE56: для собственных нужд | AF56: 25865 | AI56: 1.296 | AO56: 225 | AQ56: 1827 | AT56: для собственных нужд | AU56: 27594 | AX56: 1.296 | BD56: 225 | BF56: 2092
A57: для производственных нужд | B57: 212848 | P57: для производственных нужд | Q57: 191202 | AE57: для производственных нужд | AF57: 238025 | AT57: для производственных нужд | AU57: 253938
A58: для хозяйственно-бытовых нужд | B58: 11765 | E58: 20.782 | P58: для хозяйственно-бытовых нужд | Q58: 10568 | T58: 1.412 | AE58: для хозяйственно-бытовых нужд | AF58: 13157 | AI58: 0.875 | AT58: для хозяйственно-бытовых нужд | AU58: 14036 | AX58: 10.506
A59: В разрезе видов выпускаемой продукции (основной и побочной) | B59: =B55+B57 -> 1121559 | E59: =E55+E57 -> 0 | K59: =K55+K57 -> 0 | M59: =M55+M57 -> 0 | P59: В разрезе видов выпускаемой продукции (основной и побочной) | Q59: =Q55+Q57 -> 1007498 | T59: =T55+T57 -> 0 | Z59: =Z55+Z57 -> 0 | AB59: =AB55+AB57 -> 0 | AE59: В разрезе видов выпускаемой продукции (основной и побочной) | AF59: =AF55+AF57 -> 1254224 | AI59: =AI55+AI57 -> 0 | AO59: =AO55+AO57 -> 0 | AQ59: =AQ55+AQ57 -> 0 | AT59: В разрезе видов выпускаемой продукции (основной и побочной) | AU59: =AU55+AU57 -> 1338076 | AX59: =AX55+AX57 -> 0 | BD59: =BD55+BD57 -> 0 | BF59: =BF55+BF57 -> 0
A60: 1. Продукция (услуга) | P60: 1. Продукция (услуга) | AE60: 1. Продукция (услуга) | AT60: 1. Продукция (услуга)
A61: труба ХВС | B61: 485272 | P61: труба ХВС | Q61: 535749 | AE61: труба ХВС | AF61: 413290 | AT61: труба ХВС | AU61: 571543
A62: фитинги ХВС и ГВС | B62: 261347 | P62: фитинги ХВС и ГВС | Q62: 125203 | AE62: фитинги ХВС и ГВС | AF62: 98914 | AT62: фитинги ХВС и ГВС | AU62: 60258
A63: канализационные трубы | B63: 208988 | P63: канализационные трубы | Q63: 249166 | AE63: канализационные трубы | AF63: 489679 | AT63: канализационные трубы | AU63: 407519
A64: канализационные фитинги | B64: 473868 | P64: канализационные фитинги | Q64: 67110 | AE64: канализационные фитинги | AF64: 453074 | AT64: канализационные фитинги | AU64: 391889
A65: тёплый пол | B65: 77565 | P65: тёплый пол | Q65: 106759 | AE65: тёплый пол | AF65: 151300 | AT65: тёплый пол | AU65: 152996

Sheet Баланс
A1: Энергетический баланс предприятия
O2: Таблица 3
A3: Структура параметров баланса | C3: Электр энергияси | E3: Тепловая энергия | F3: Газ | G3: Мазут | H3: Уголь | J3: Нефтепродукты | O3: Вода | P3: Примечание | R3: не удалят | AQ3: 2022 год не трогат
C4: актив Р | D4: реактив Q | J4: Бензин | K4: Дизель | L4: Керосин | M4: ГСМ (Горюче-смазочные материалы) | N4: Прочее | R4: электр | W4: газ | AB4: ГСМ | AL4: Вода | AQ4: электр в т.у.т | AV4: газ в т.у.т | BA4: итого в т.у.т
AB5: Д/т | AC5: бензин | AD5: Д/т | AE5: бензин | AF5: Д/т | AG5: бензин | AH5: Д/т | AI5: бензин | AJ5: Д/т | AK5: бензин
E6: Гкал | F6: тыс. м | G6: тонна | H6: тонна | J6: тонна | O6: м³ | R6: 1 | S6: 2 | T6: 3 | U6: 4 | V6: год | W6: 1 | X6: 2 | Y6: 3 | Z6: 4 | AA6: год | AB6: 1 | AD6: 2 | AF6: 3 | AH6: 4 | AJ6: год | AL6: 1 | AM6: 2 | AN6: 3 | AO6: 4 | AP6: год | AQ6: 1 | AR6: 2 | AS6: 3 | AT6: 4 | AU6: год | AV6: 1 | AW6: 2 | AX6: 3 | AY6: 4 | AZ6: год | BA6: 1 | BB6: 2 | BC6: 3 | BD6: 4 | BE6: год
A7: Установленная электрическая мощность | C7: =V7 -> 4950000 | D7: ='Узел учета '!D5 -> 1825000 | R7: ='Структура пр 2'!B8 -> 1200000 | S7: ='Структура пр 2'!Q8 -> 1200000 | T7: ='Структура пр 2'!AF8 -> 1200000 | U7: ='Структура пр 2'!AU8 -> 1350000 | V7: =U7+T7+S7+R7 -> 4950000 | W7: ='Структура пр 2'!E8 -> 0 | X7: ='Структура пр 2'!T8 -> 0 | Y7: ='Структура пр 2'!AI8 -> 0 | Z7: ='Структура пр 2'!AX8 -> 0 | AA7: =Z7+Y7+X7+W7 -> 0 | AB7: ='Структура пр 2'!H8 -> 0 | AC7: ='Структура пр 2'!I8 -> 0 | AD7: ='Структура пр 2'!W8 -> 0 | AE7: ='Структура пр 2'!X8 -> 0 | AF7: ='Структура пр 2'!AL8 -> 0 | AG7: ='Структура пр 2'!AM8 -> 0 | AH7: ='Структура пр 2'!BA8 -> 0 | AI7: ='Структура пр 2'!BB8 -> 0 | AJ7: =AH7+AF7+AD7+AB7 -> 0 | AK7: ='Структура пр 2'!BB8 -> 0 | AL7: ='Структура пр 2'!M8 -> 0 | AM7: ='Структура пр 2'!AB8 -> 0 | AN7: ='Структура пр 2'!AQ8 -> 0 | AO7: ='Структура пр 2'!BF8 -> 0 | AP7: =AO7+AN7+AM7+AL7 -> 0 | AQ7: =R7/1000*0.123 -> 147.6 | AR7: =S7/1000*0.123 -> 147.6 | AS7: =T7/1000*0.123 -> 147.6 | AT7: =U7/1000*0.123 -> 166.05 | AU7: =V7/1000*0.123 -> 608.85 | AV7: =W7*1.16 -> 0 | AW7: =X7*1.16 -> 0 | AX7: =Y7*1.16 -> 0 | AY7: =Z7*1.16 -> 0 | AZ7: =AA7*1.16 -> 0 | BA7: =AQ7+AV7 -> 147.6 | BB7: =AR7+AW7 -> 147.6 | BC7: =AS7+AX7 -> 147.6 | BD7: =AT7+AY7 -> 166.05 | BE7: =AU7+AZ7 -> 608.85 | BF7: Установленная электрическая мощность
A8: Транзитным абониментам | R8: ='Структура пр 2'!B9 -> 0 | S8: ='Структура пр 2'!Q9 -> 0 | T8: ='Структура пр 2'!AF9 -> 0 | U8: ='Структура пр 2'!AU9 -> 0 | V8: =U8+T8+S8+R8 -> 0 | W8: ='Структура пр 2'!E9 -> 0 | X8: ='Структура пр 2'!T9 -> 0 | Y8: ='Структура пр 2'!AI9 -> 0 | Z8: ='Структура пр 2'!AX9 -> 0 | AA8: =Z8+Y8+X8+W8 -> 0 | AB8: ='Структура пр 2'!H9 -> 0 | AC8: ='Структура пр 2'!I9 -> 0 | AD8: ='Структура пр 2'!W9 -> 0 | AE8: ='Структура пр 2'!X9 -> 0 | AF8: ='Структура пр 2'!AL9 -> 0 | AG8: ='Структура пр 2'!AM9 -> 0 | AH8: ='Структура пр 2'!BA9 -> 0 | AI8: ='Структура пр 2'!BB9 -> 0 | AJ8: =AH8+AF8+AD8+AB8 -> 0 | AK8: ='Структура пр 2'!BB9 -> 0 | AL8: ='Структура пр 2'!M9 -> 0 | AM8: ='Структура пр 2'!AB9 -> 0 | AN8: ='Структура пр 2'!AQ9 -> 0 | AO8: ='Структура пр 2'!BF9 -> 0 | AP8: =AO8+AN8+AM8+AL8 -> 0 | AQ8: =R8/1000*0.123 -> 0 | AR8: =S8/1000*0.123 -> 0 | AS8: =T8/1000*0.123 -> 0 | AT8: =U8/1000*0.123 -> 0 | AU8: =V8/1000*0.123 -> 0 | AV8: =W8*1.16 -> 0 | AW8: =X8*1.16 -> 0 | AX8: =Y8*1.16 -> 0 | AY8: =Z8*1.16 -> 0 | AZ8: =AA8*1.16 -> 0 | BA8: =AQ8+AV8 -> 0 | BB8: =AR8+AW8 -> 0 | BC8: =AS8+AX8 -> 0 | BD8: =AT8+AY8 -> 0 | BE8: =AU8+AZ8 -> 0 | BF8: Транзитным абониментам
A9: Общее потребление по предприятию | C9: =V9 -> 4089411 | F9: =AA9 -> 30.911 | R9: ='Структура пр 2'!B10 -> 1012524 | S9: ='Структура пр 2'!Q10 -> 917947 | T9: ='Структура пр 2'!AF10 -> 1112517 | U9: ='Структура пр 2'!AU10 -> 1046423 | V9: =U9+T9+S9+R9 -> 4089411 | W9: ='Структура пр 2'!E10 -> 15.667 | X9: ='Структура пр 2'!T10 -> 3.736 | Y9: ='Структура пр 2'!AI10 -> 2.487 | Z9: ='Структура пр 2'!AX10 -> 9.021 | AA9: =Z9+Y9+X9+W9 -> 30.911 | AB9: ='Структура пр 2'!H10 -> 0 | AC9: ='Структура пр 2'!I10 -> 0 | AD9: ='Структура пр 2'!W10 -> 0 | AE9: ='Структура пр 2'!X10 -> 0 | AF9: ='Структура пр 2'!AL10 -> 0 | AG9: ='Структура пр 2'!AM10 -> 0 | AH9: ='Структура пр 2'!BA10 -> 0 | AI9: ='Структура пр 2'!BB10 -> 0 | AJ9: =AH9+AF9+AD9+AB9 -> 0 | AK9: ='Структура пр 2'!BB10 -> 0 | AL9: ='Структура пр 2'!M10 -> 2400 | AM9: ='Структура пр 2'!AB10 -> 2400 | AN9: ='Структура пр 2'!AQ10 -> 2675 | AO9: ='Структура пр 2'!BF10 -> 2400 | AP9: =AO9+AN9+AM9+AL9 -> 9875 | AQ9: =R9/1000*0.123 -> 124.54045 | AR9: =S9/1000*0.123 -> 112.90748 | AS9: =T9/1000*0.123 -> 136.83959 | AT9: =U9/1000*0.123 -> 128.71003 | AU9: =V9/1000*0.123 -> 502.99755 | AV9: =W9*1.16 -> 18.17372 | AW9: =X9*1.16 -> 4.33376 | AX9: =Y9*1.16 -> 2.88492 | AY9: =Z9*1.16 -> 10.46436 | AZ9: =AA9*1.16 -> 35.85676 | BA9: =AQ9+AV9 -> 142.71417 | BB9: =AR9+AW9 -> 117.24124 | BC9: =AS9+AX9 -> 139.72451 | BD9: =AT9+AY9 -> 139.17439 | BE9: =AU9+AZ9 -> 538.85431 | BF9: Общее потребление по предприятию
A10: – на технологические нужды | C10: =V10 -> 3213353 | R10: ='Структура пр 2'!B11 -> 795615 | S10: ='Структура пр 2'!Q11 -> 721299 | T10: ='Структура пр 2'!AF11 -> 874187 | U10: ='Структура пр 2'!AU11 -> 822252 | V10: =U10+T10+S10+R10 -> 3213353 | W10: ='Структура пр 2'!E11 -> 0 | X10: ='Структура пр 2'!T11 -> 0 | Y10: ='Структура пр 2'!AI11 -> 0 | Z10: ='Структура пр 2'!AX11 -> 0 | AA10: =Z10+Y10+X10+W10 -> 0 | AB10: ='Структура пр 2'!H11 -> 0 | AC10: ='Структура пр 2'!I11 -> 0 | AD10: ='Структура пр 2'!W11 -> 0 | AE10: ='Структура пр 2'!X11 -> 0 | AF10: ='Структура пр 2'!AL11 -> 0 | AG10: ='Структура пр 2'!AM11 -> 0 | AH10: ='Структура пр 2'!BA11 -> 0 | AI10: ='Структура пр 2'!BB11 -> 0 | AJ10: =AH10+AF10+AD10+AB10 -> 0 | AK10: ='Структура пр 2'!BB11 -> 0 | AL10: ='Структура пр 2'!M11 -> 0 | AM10: ='Структура пр 2'!AB11 -> 0 | AN10: ='Структура пр 2'!AQ11 -> 0 | AO10: ='Структура пр 2'!BF11 -> 0 | AP10: =AO10+AN10+AM10+AL10 -> 0 | AQ10: =R10/1000*0.123 -> 97.860645 | AR10: =S10/1000*0.123 -> 88.719777 | AS10: =T10/1000*0.123 -> 107.525 | AT10: =U10/1000*0.123 -> 101.137 | AU10: =V10/1000*0.123 -> 395.24242 | AV10: =W10*1.16 -> 0 | AW10: =X10*1.16 -> 0 | AX10: =Y10*1.16 -> 0 | AY10: =Z10*1.16 -> 0 | AZ10: =AA10*1.16 -> 0 | BA10: =AQ10+AV10 -> 97.860645 | BB10: =AR10+AW10 -> 88.719777 | BC10: =AS10+AX10 -> 107.525 | BD10: =AT10+AY10 -> 101.137 | BE10: =AU10+AZ10 -> 395.24242 | BF10: – на технологические нужды
A11: – на собственные нужды предприятия | C11: =V11 -> 81787 | F11: =AA11 -> 5.184 | R11: ='Структура пр 2'!B12 -> 20250 | S11: ='Структура пр 2'!Q12 -> 18359 | T11: ='Структура пр 2'!AF12 -> 22250 | U11: ='Структура пр 2'!AU12 -> 20928 | V11: =U11+T11+S11+R11 -> 81787 | W11: ='Структура пр 2'!E12 -> 1.296 | X11: ='Структура пр 2'!T12 -> 1.296 | Y11: ='Структура пр 2'!AI12 -> 1.296 | Z11: ='Структура пр 2'!AX12 -> 1.296 | AA11: =Z11+Y11+X11+W11 -> 5.184 | AB11: ='Структура пр 2'!H12 -> 0 | AC11: ='Структура пр 2'!I12 -> 0 | AD11: ='Структура пр 2'!W12 -> 0 | AE11: ='Структура пр 2'!X12 -> 0 | AF11: ='Структура пр 2'!AL12 -> 0 | AG11: ='Структура пр 2'!AM12 -> 0 | AH11: ='Структура пр 2'!BA12 -> 0 | AI11: ='Структура пр 2'!BB12 -> 0 | AJ11: =AH11+AF11+AD11+AB11 -> 0 | AK11: ='Структура пр 2'!BB12 -> 0 | AL11: ='Структура пр 2'!M12 -> 2400 | AM11: ='Структура пр 2'!AB12 -> 2400 | AN11: ='Структура пр 2'!AQ12 -> 2675 | AO11: ='Структура пр 2'!BF12 -> 1575 | AP11: =AO11+AN11+AM11+AL11 -> 9050 | AQ11: =R11/1000*0.123 -> 2.49075 | AR11: =S11/1000*0.123 -> 2.258157 | AS11: =T11/1000*0.123 -> 2.73675 | AT11: =U11/1000*0.123 -> 2.574144 | AU11: =V11/1000*0.123 -> 10.059801 | AV11: =W11*1.16 -> 1.50336 | AW11: =X11*1.16 -> 1.50336 | AX11: =Y11*1.16 -> 1.50336 | AY11: =Z11*1.16 -> 1.50336 | AZ11: =AA11*1.16 -> 6.01344 | BA11: =AQ11+AV11 -> 3.99411 | BB11: =AR11+AW11 -> 3.761517 | BC11: =AS11+AX11 -> 4.24011 | BD11: =AT11+AY11 -> 4.077504 | BE11: =AU11+AZ11 -> 16.073241 | BF11: – на собственные нужды предприятия
A12: – на производственные нужды | C12: =V12 -> 752667 | R12: ='Структура пр 2'!B13 -> 186358 | S12: ='Структура пр 2'!Q13 -> 168950 | T12: ='Структура пр 2'!AF13 -> 204762 | U12: ='Структура пр 2'!AU13 -> 192597 | V12: =U12+T12+S12+R12 -> 752667 | W12: ='Структура пр 2'!E13 -> 0 | X12: ='Структура пр 2'!T13 -> 0 | Y12: ='Структура пр 2'!AI13 -> 0 | Z12: ='Структура пр 2'!AX13 -> 0 | AA12: =Z12+Y12+X12+W12 -> 0 | AB12: ='Структура пр 2'!H13 -> 0 | AC12: ='Структура пр 2'!I13 -> 0 | AD12: ='Структура пр 2'!W13 -> 0 | AE12: ='Структура пр 2'!X13 -> 0 | AF12: ='Структура пр 2'!AL13 -> 0 | AG12: ='Структура пр 2'!AM13 -> 0 | AH12: ='Структура пр 2'!BA13 -> 0 | AI12: ='Структура пр 2'!BB13 -> 0 | AJ12: =AH12+AF12+AD12+AB12 -> 0 | AK12: ='Структура пр 2'!BB13 -> 0 | AL12: ='Структура пр 2'!M13 -> 0 | AM12: ='Структура пр 2'!AB13 -> 0 | AN12: ='Структура пр 2'!AQ13 -> 0 | AO12: ='Структура пр 2'!BF13 -> 0 | AP12: =AO12+AN12+AM12+AL12 -> 0 | AQ12: =R12/1000*0.123 -> 22.922034 | AR12: =S12/1000*0.123 -> 20.78085 | AS12: =T12/1000*0.123 -> 25.185726 | AT12: =U12/1000*0.123 -> 23.689431 | AU12: =V12/1000*0.123 -> 92.578041 | AV12: =W12*1.16 -> 0 | AW12: =X12*1.16 -> 0 | AX12: =Y12*1.16 -> 0 | AY12: =Z12*1.16 -> 0 | AZ12: =AA12*1.16 -> 0 | BA12: =AQ12+AV12 -> 22.922034 | BB12: =AR12+AW12 -> 20.78085 | BC12: =AS12+AX12 -> 25.185726 | BD12: =AT12+AY12 -> 23.689431 | BE12: =AU12+AZ12 -> 92.578041 | BF12: – на производственные нужды
A13: – на хозяйственно-бытовые нужды | C13: =V13 -> 41604 | F13: =AA13 -> 25.727 | R13: ='Структура пр 2'!B14 -> 10301 | S13: ='Структура пр 2'!Q14 -> 9339 | T13: ='Структура пр 2'!AF14 -> 11318 | U13: ='Структура пр 2'!AU14 -> 10646 | V13: =U13+T13+S13+R13 -> 41604 | W13: ='Структура пр 2'!E14 -> 14.371 | X13: ='Структура пр 2'!T14 -> 2.44 | Y13: ='Структура пр 2'!AI14 -> 1.191 | Z13: ='Структура пр 2'!AX14 -> 7.725 | AA13: =Z13+Y13+X13+W13 -> 25.727 | AB13: ='Структура пр 2'!H14 -> 0 | AC13: ='Структура пр 2'!I14 -> 0 | AD13: ='Структура пр 2'!AL14 -> 0 | AE13: ='Структура пр 2'!X14 -> 0 | AF13: ='Структура пр 2'!AL14 -> 0 | AG13: ='Структура пр 2'!AM14 -> 0 | AH13: ='Структура пр 2'!BA14 -> 0 | AI13: ='Структура пр 2'!BB14 -> 0 | AJ13: =AH13+AF13+AD13+AB13 -> 0 | AK13: ='Структура пр 2'!BB14 -> 0 | AL13: ='Структура пр 2'!M14 -> 0 | AM13: ='Структура пр 2'!AB14 -> 0 | AN13: ='Структура пр 2'!AQ14 -> 0 | AO13: ='Структура пр 2'!BF14 -> 0 | AP13: =AO13+AN13+AM13+AL13 -> 0 | AQ13: =R13/1000*0.123 -> 1.267023 | AR13: =S13/1000*0.123 -> 1.148697 | AS13: =T13/1000*0.123 -> 1.392114 | AT13: =U13/1000*0.123 -> 1.309458 | AU13: =V13/1000*0.123 -> 5.117292 | AV13: =W13*1.16 -> 16.67036 | AW13: =X13*1.16 -> 2.8304 | AX13: =Y13*1.16 -> 1.38156 | AY13: =Z13*1.16 -> 8.961 | AZ13: =AA13*1.16 -> 29.84332 | BA13: =AQ13+AV13 -> 17.937383 | BB13: =AR13+AW13 -> 3.979097 | BC13: =AS13+AX13 -> 2.773674 | BD13: =AT13+AY13 -> 10.270458 | BE13: =AU13+AZ13 -> 34.960612 | BF13: – на хозяйственно-бытовые нужды
A14: В разрезе видов выпускаемой продукции (основной и побочной) | C14: =V14 -> 3966020 | F14: =AA14 -> 0 | J14: =AK14 -> 0 | K14: =AJ14 -> 0 | O14: =AP14 -> 0 | R14: ='Структура пр 2'!B15 -> 981973 | S14: ='Структура пр 2'!Q15 -> 890249 | T14: ='Структура пр 2'!AF15 -> 1078949 | U14: ='Структура пр 2'!AU15 -> 1014849 | V14: =U14+T14+S14+R14 -> 3966020 | W14: ='Структура пр 2'!D15 -> 0 | X14: ='Структура пр 2'!T15 -> 0 | Y14: ='Структура пр 2'!AI15 -> 0 | Z14: ='Структура пр 2'!AW15 -> 0 | AA14: =Z14+Y14+X14+W14 -> 0 | AB14: ='Структура пр 2'!H15 -> 0 | AC14: ='Структура пр 2'!I15 -> 0 | AD14: ='Структура пр 2'!W15 -> 0 | AE14: ='Структура пр 2'!X15 -> 0 | AF14: ='Структура пр 2'!AL15 -> 0 | AG14: ='Структура пр 2'!AM15 -> 0 | AH14: ='Структура пр 2'!BA15 -> 0 | AI14: ='Структура пр 2'!BB15 -> 0 | AJ14: =AH14+AF14+AD14+AB14 -> 0 | AK14: ='Структура пр 2'!BB15 -> 0 | AL14: ='Структура пр 2'!M15 -> 0 | AM14: ='Структура пр 2'!AB15 -> 0 | AN14: ='Структура пр 2'!AQ15 -> 0 | AO14: ='Структура пр 2'!BF15 -> 0 | AP14: =AO14+AN14+AM14+AL14 -> 0 | AQ14: =R14/1000*0.123 -> 120.78268 | AR14: =S14/1000*0.123 -> 109.50063 | AS14: =T14/1000*0.123 -> 132.71073 | AT14: =U14/1000*0.123 -> 124.82643 | AU14: =V14/1000*0.123 -> 487.82046 | AV14: =W14*1.16 -> 0 | AW14: =X14*1.16 -> 0 | AX14: =Y14*1.16 -> 0 | AY14: =Z14*1.16 -> 0 | AZ14: =AA14*1.16 -> 0 | BA14: =AQ14+AV14 -> 120.78268 | BB14: =AR14+AW14 -> 109.50063 | BC14: =AS14+AX14 -> 132.71073 | BD14: =AT14+AY14 -> 124.82643 | BE14: =AU14+AZ14 -> 487.82046 | BF14: В разрезе видов выпускаемой продукции (основной и побочной)
A15: 1. Продукция (услуга): труба ХВС, фитинги ХВС и ГВС, канализационные трубы и фитинги, тёплый пол | C15: =V15 -> 3923669 | R15: ='Структура пр 2'!B17+'Структура пр 2'!B18+'Структура пр 2'!B19+'Структура пр 2'!B20+'Структура пр 2'!B21 -> 911838 | S15: ='Структура пр 2'!Q17+'Структура пр 2'!Q18+'Структура пр 2'!Q19+'Структура пр 2'!Q20+'Структура пр 2'!Q21 -> 1047663 | T15: ='Структура пр 2'!AF17+'Структура пр 2'!AF18+'Структура пр 2'!AF19+'Структура пр 2'!AF20+'Структура пр 2'!AF21 -> 836235 | U15: ='Структура пр 2'!AU17+'Структура пр 2'!AU18+'Структура пр 2'!AU19+'Структура пр 2'!AU20+'Структура пр 2'!AU21 -> 1127933 | V15: =U15+T15+S15+R15 -> 3923669 | AA15: =Z15+Y15+X15+W15 -> 0 | AJ15: =AH15+AF15+AD15+AB15 -> 0 | AK15: ='Структура пр 2'!BB16 -> 0 | AP15: =AO15+AN15+AM15+AL15 -> 0 | AU15: =V15/1000*0.123 -> 482.61129 | AZ15: =AA15*1.16 -> 0 | BE15: =AU15+AZ15 -> 482.61129
A19: Энергетический баланс предприятия
O20: Таблица 3
A21: Структура параметров баланса | C21: Электр энергияси | E21: Тепловая энергия | F21: Газ | G21: Мазут | H21: Уголь | J21: Нефтепродукты | O21: Вода | P21: Примечание | R21: не удалят | AQ21: 2023 год не трогат
C22: актив Р | D22: реактив Q | J22: Бензин | K22: Дизель | L22: Керосин | M22: ГСМ (Горюче-смазочные материалы) | N22: Прочее | R22: электр | W22: газ | AB22: ГСМ | AL22: Вода | AQ22: электр в т.у.т | AV22: газ в т.у.т | BA22: итого в т.у.т
AB23: Д/т | AC23: бензин | AD23: Д/т | AE23: бензин | AF23: Д/т | AG23: бензин | AH23: Д/т | AI23: бензин | AJ23: Д/т | AK23: бензин
E24: Гкал | F24: тыс. м | G24: тонна | H24: тонна | J24: тонна | O24: м³ | R24: 1 | S24: 2 | T24: 3 | U24: 4 | V24: год | W24: 1 | X24: 2 | Y24: 3 | Z24: 4 | AA24: год | AB24: 1 | AD24: 2 | AF24: 3 | AH24: 4 | AJ24: год | AL24: 1 | AM24: 2 | AN24: 3 | AO24: 4 | AP24: год | AQ24: 1 | AR24: 2 | AS24: 3 | AT24: 4 | AU24: год | AV24: 1 | AW24: 2 | AX24: 3 | AY24: 4 | AZ24: год | BA24: 1 | BB24: 2 | BC24: 3 | BD24: 4 | BE24: год
A25: Установленная электрическая мощность | C25: =V25 -> 4950000 | D25: ='Узел учета '!D5 -> 1825000 | R25: ='Структура пр 2'!B30 -> 1200000 | S25: ='Структура пр 2'!Q30 -> 1200000 | T25: ='Структура пр 2'!AF30 -> 1200000 | U25: ='Структура пр 2'!AU30 -> 1350000 | V25: =U25+T25+S25+R25 -> 4950000 | W25: ='Структура пр 2'!E30 -> 0 | X25: ='Структура пр 2'!T30 -> 0 | Y25: ='Структура пр 2'!AI30 -> 0 | Z25: ='Структура пр 2'!AX30 -> 0 | AA25: =Z25+Y25+X25+W25 -> 0 | AB25: ='Структура пр 2'!H30 -> 0 | AC25: ='Структура пр 2'!I30 -> 0 | AD25: ='Структура пр 2'!W30 -> 0 | AE25: ='Структура пр 2'!X30 -> 0 | AF25: ='Структура пр 2'!AL30 -> 0 | AG25: ='Структура пр 2'!AM30 -> 0 | AH25: ='Структура пр 2'!BA30 -> 0 | AI25: ='Структура пр 2'!BB30 -> 0 | AJ25: =AH25+AF25+AD25+AB25 -> 0 | AK25: ='Структура пр 2'!BB32 -> 0 | AL25: ='Структура пр 2'!M30 -> 0 | AM25: ='Структура пр 2'!AB30 -> 0 | AN25: ='Структура пр 2'!AQ30 -> 0 | AO25: ='Структура пр 2'!BF30 -> 0 | AP25: =AO25+AN25+AM25+AL25 -> 0 | AQ25: =R25/1000*0.123 -> 147.6 | AR25: =S25/1000*0.123 -> 147.6 | AS25: =T25/1000*0.123 -> 147.6 | AT25: =U25/1000*0.123 -> 166.05 | AU25: =V25/1000*0.123 -> 608.85 | AV25: =W25*1.16 -> 0 | AW25: =X25*1.16 -> 0 | AX25: =Y25*1.16 -> 0 | AY25: =Z25*1.16 -> 0 | AZ25: =AA25*1.16 -> 0 | BA25: =AQ25+AV25 -> 147.6 | BB25: =AR25+AW25 -> 147.6 | BC25: =AS25+AX25 -> 147.6 | BD25: =AT25+AY25 -> 166.05 | BE25: =AU25+AZ25 -> 608.85 | BF25: Установленная электрическая мощность
A26: Транзитным абониментам | R26: ='Структура пр 2'!B31 -> 0 | S26: ='Структура пр 2'!Q31 -> 0 | T26: ='Структура пр 2'!AF31 -> 0 | U26: ='Структура пр 2'!AU31 -> 0 | V26: =U26+T26+S26+R26 -> 0 | W26: ='Структура пр 2'!E31 -> 0 | X26: ='Структура пр 2'!T31 -> 0 | Y26: ='Структура пр 2'!AI31 -> 0 | Z26: ='Структура пр 2'!AX31 -> 0 | AA26: =Z26+Y26+X26+W26 -> 0 | AB26: ='Структура пр 2'!H31 -> 0 | AC26: ='Структура пр 2'!I31 -> 0 | AD26: ='Структура пр 2'!W31 -> 0 | AE26: ='Структура пр 2'!X31 -> 0 | AF26: ='Структура пр 2'!AL31 -> 0 | AG26: ='Структура пр 2'!AM31 -> 0 | AH26: ='Структура пр 2'!BA31 -> 0 | AI26: ='Структура пр 2'!BB31 -> 0 | AJ26: =AH26+AF26+AD26+AB26 -> 0 | AK26: ='Структура пр 2'!BB33 -> 0 | AL26: ='Структура пр 2'!M31 -> 0 | AM26: ='Структура пр 2'!AB31 -> 0 | AN26: ='Структура пр 2'!AQ31 -> 0 | AO26: ='Структура пр 2'!BF31 -> 0 | AP26: =AO26+AN26+AM26+AL26 -> 0 | AQ26: =R26/1000*0.123 -> 0 | AR26: =S26/1000*0.123 -> 0 | AS26: =T26/1000*0.123 -> 0 | AT26: =U26/1000*0.123 -> 0 | AU26: =V26/1000*0.123 -> 0 | AV26: =W26*1.16 -> 0 | AW26: =X26*1.16 -> 0 | AX26: =Y26*1.16 -> 0 | AY26: =Z26*1.16 -> 0 | AZ26: =AA26*1.16 -> 0 | BA26: =AQ26+AV26 -> 0 | BB26: =AR26+AW26 -> 0 | BC26: =AS26+AX26 -> 0 | BD26: =AT26+AY26 -> 0 | BE26: =AU26+AZ26 -> 0 | BF26: Транзитным абониментам
A27: Общее потребление по предприятию | C27: =V27 -> 5273058 | F27: =AA27 -> 31.5129 | R27: ='Структура пр 2'!B32 -> 973143 | S27: ='Структура пр 2'!Q32 -> 1322714 | T27: ='Структура пр 2'!AF32 -> 1488930 | U27: ='Структура пр 2'!AU32 -> 1488271 | V27: =U27+T27+S27+R27 -> 5273058 | W27: ='Структура пр 2'!E32 -> 14.0819 | X27: ='Структура пр 2'!T32 -> 3.382 | Y27: ='Структура пр 2'!AI32 -> 2.862 | Z27: ='Структура пр 2'!AX32 -> 11.187 | AA27: =Z27+Y27+X27+W27 -> 31.5129 | AB27: ='Структура пр 2'!H32 -> 0 | AC27: ='Структура пр 2'!I32 -> 0 | AD27: ='Структура пр 2'!W32 -> 0 | AE27: ='Структура пр 2'!X32 -> 0 | AF27: ='Структура пр 2'!AL32 -> 0 | AG27: ='Структура пр 2'!AM32 -> 0 | AH27: ='Структура пр 2'!BA32 -> 0 | AI27: ='Структура пр 2'!BB32 -> 0 | AJ27: =AH27+AF27+AD27+AB27 -> 0 | AK27: ='Структура пр 2'!BB34 -> 0 | AL27: ='Структура пр 2'!M32 -> 2400 | AM27: ='Структура пр 2'!AB32 -> 2585 | AN27: ='Структура пр 2'!AQ32 -> 2504 | AO27: ='Структура пр 2'!BF32 -> 2150 | AP27: =AO27+AN27+AM27+AL27 -> 9639 | AQ27: =R27/1000*0.123 -> 119.69659 | AR27: =S27/1000*0.123 -> 162.69382 | AS27: =T27/1000*0.123 -> 183.13839 | AT27: =U27/1000*0.123 -> 183.05733 | AU27: =V27/1000*0.123 -> 648.58613 | AV27: =W27*1.16 -> 16.335004 | AW27: =X27*1.16 -> 3.92312 | AX27: =Y27*1.16 -> 3.31992 | AY27: =Z27*1.16 -> 12.97692 | AZ27: =AA27*1.16 -> 36.554964 | BA27: =AQ27+AV27 -> 136.03159 | BB27: =AR27+AW27 -> 166.61694 | BC27: =AS27+AX27 -> 186.45831 | BD27: =AT27+AY27 -> 196.03425 | BE27: =AU27+AZ27 -> 685.1411 | BF27: Общее потребление по предприятию
A28: – на технологические нужды | C28: =V28 -> 4143434 | R28: ='Структура пр 2'!B33 -> 764671 | S28: ='Структура пр 2'!Q33 -> 1039355 | T28: ='Структура пр 2'!AF33 -> 1169963 | U28: ='Структура пр 2'!AU33 -> 1169445 | V28: =U28+T28+S28+R28 -> 4143434 | W28: ='Структура пр 2'!E33 -> 0 | X28: ='Структура пр 2'!T33 -> 0 | Y28: ='Структура пр 2'!AI33 -> 0 | Z28: ='Структура пр 2'!AX33 -> 0 | AA28: =Z28+Y28+X28+W28 -> 0 | AB28: ='Структура пр 2'!H33 -> 0 | AC28: ='Структура пр 2'!I33 -> 0 | AD28: ='Структура пр 2'!W33 -> 0 | AE28: ='Структура пр 2'!X33 -> 0 | AF28: ='Структура пр 2'!AL33 -> 0 | AG28: ='Структура пр 2'!AM33 -> 0 | AH28: ='Структура пр 2'!BA33 -> 0 | AI28: ='Структура пр 2'!BB33 -> 0 | AJ28: =AH28+AF28+AD28+AB28 -> 0 | AK28: ='Структура пр 2'!BB35 -> 0 | AL28: ='Структура пр 2'!M33 -> 0 | AM28: ='Структура пр 2'!AB33 -> 0 | AN28: ='Структура пр 2'!AQ33 -> 0 | AO28: ='Структура пр 2'!BF33 -> 0 | AP28: =AO28+AN28+AM28+AL28 -> 0 | AQ28: =R28/1000*0.123 -> 94.054533 | AR28: =S28/1000*0.123 -> 127.84067 | AS28: =T28/1000*0.123 -> 143.90545 | AT28: =U28/1000*0.123 -> 143.84173 | AU28: =V28/1000*0.123 -> 509.64238 | AV28: =W28*1.16 -> 0 | AW28: =X28*1.16 -> 0 | AX28: =Y28*1.16 -> 0 | AY28: =Z28*1.16 -> 0 | AZ28: =AA28*1.16 -> 0 | BA28: =AQ28+AV28 -> 94.054533 | BB28: =AR28+AW28 -> 127.84067 | BC28: =AS28+AX28 -> 143.90545 | BD28: =AT28+AY28 -> 143.84173 | BE28: =AU28+AZ28 -> 509.64238 | BF28: – на технологические нужды
A29: – на собственные нужды предприятия | C29: =V29 -> 105461 | F29: =AA29 -> 5.184 | R29: ='Структура пр 2'!B34 -> 19463 | S29: ='Структура пр 2'!Q34 -> 26454 | T29: ='Структура пр 2'!AF34 -> 29779 | U29: ='Структура пр 2'!AU34 -> 29765 | V29: =U29+T29+S29+R29 -> 105461 | W29: ='Структура пр 2'!E34 -> 1.296 | X29: ='Структура пр 2'!T34 -> 1.296 | Y29: ='Структура пр 2'!AI34 -> 1.296 | Z29: ='Структура пр 2'!AX34 -> 1.296 | AA29: =Z29+Y29+X29+W29 -> 5.184 | AB29: ='Структура пр 2'!H34 -> 0 | AC29: ='Структура пр 2'!I34 -> 0 | AD29: ='Структура пр 2'!W34 -> 0 | AE29: ='Структура пр 2'!X34 -> 0 | AF29: ='Структура пр 2'!AL34 -> 0 | AG29: ='Структура пр 2'!AM34 -> 0 | AH29: ='Структура пр 2'!BA34 -> 0 | AI29: ='Структура пр 2'!BB34 -> 0 | AJ29: =AH29+AF29+AD29+AB29 -> 0 | AK29: ='Структура пр 2'!BB36 -> 0 | AL29: ='Структура пр 2'!M34 -> 2400 | AM29: ='Структура пр 2'!AB34 -> 2585 | AN29: ='Структура пр 2'!AQ34 -> 2504 | AO29: ='Структура пр 2'!BF34 -> 2150 | AP29: =AO29+AN29+AM29+AL29 -> 9639 | AQ29: =R29/1000*0.123 -> 2.393949 | AR29: =S29/1000*0.123 -> 3.253842 | AS29: =T29/1000*0.123 -> 3.662817 | AT29: =U29/1000*0.123 -> 3.661095 | AU29: =V29/1000*0.123 -> 12.971703 | AV29: =W29*1.16 -> 1.50336 | AW29: =X29*1.16 -> 1.50336 | AX29: =Y29*1.16 -> 1.50336 | AY29: =Z29*1.16 -> 1.50336 | AZ29: =AA29*1.16 -> 6.01344 | BA29: =AQ29+AV29 -> 3.897309 | BB29: =AR29+AW29 -> 4.757202 | BC29: =AS29+AX29 -> 5.166177 | BD29: =AT29+AY29 -> 5.164455 | BE29: =AU29+AZ29 -> 18.985143 | BF29: – на собственные нужды предприятия
A30: – на производственные нужды | C30: =V30 -> 970519 | R30: ='Структура пр 2'!B35 -> 179109 | S30: ='Структура пр 2'!Q35 -> 243449 | T30: ='Структура пр 2'!AF35 -> 274041 | U30: ='Структура пр 2'!AU35 -> 273920 | V30: =U30+T30+S30+R30 -> 970519 | W30: ='Структура пр 2'!E35 -> 0 | X30: ='Структура пр 2'!T35 -> 0 | Y30: ='Структура пр 2'!AI35 -> 0 | Z30: ='Структура пр 2'!AX35 -> 0 | AA30: =Z30+Y30+X30+W30 -> 0 | AB30: ='Структура пр 2'!H35 -> 0 | AC30: ='Структура пр 2'!I35 -> 0 | AD30: ='Структура пр 2'!W35 -> 0 | AE30: ='Структура пр 2'!X35 -> 0 | AF30: ='Структура пр 2'!AL35 -> 0 | AG30: ='Структура пр 2'!AM35 -> 0 | AH30: ='Структура пр 2'!BA35 -> 0 | AI30: ='Структура пр 2'!BB35 -> 0 | AJ30: =AH30+AF30+AD30+AB30 -> 0 | AK30: ='Структура пр 2'!BB37 -> 0 | AL30: ='Структура пр 2'!M35 -> 0 | AM30: ='Структура пр 2'!AB35 -> 0 | AN30: ='Структура пр 2'!AQ35 -> 0 | AO30: ='Структура пр 2'!BF35 -> 0 | AP30: =AO30+AN30+AM30+AL30 -> 0 | AQ30: =R30/1000*0.123 -> 22.030407 | AR30: =S30/1000*0.123 -> 29.944227 | AS30: =T30/1000*0.123 -> 33.707043 | AT30: =U30/1000*0.123 -> 33.69216 | AU30: =V30/1000*0.123 -> 119.37384 | AV30: =W30*1.16 -> 0 | AW30: =X30*1.16 -> 0 | AX30: =Y30*1.16 -> 0 | AY30: =Z30*1.16 -> 0 | AZ30: =AA30*1.16 -> 0 | BA30: =AQ30+AV30 -> 22.030407 | BB30: =AR30+AW30 -> 29.944227 | BC30: =AS30+AX30 -> 33.707043 | BD30: =AT30+AY30 -> 33.69216 | BE30: =AU30+AZ30 -> 119.37384 | BF30: – на производственные нужды
A31: – на хозяйственно-бытовые нужды | C31: =V31 -> 53644 | F31: =AA31 -> 27.066 | R31: ='Структура пр 2'!B36 -> 9900 | S31: ='Структура пр 2'!Q36 -> 13456 | T31: ='Структура пр 2'!AF36 -> 15147 | U31: ='Структура пр 2'!AU36 -> 15141 | V31: =U31+T31+S31+R31 -> 53644 | W31: ='Структура пр 2'!E36 -> 13.523 | X31: ='Структура пр 2'!T36 -> 2.086 | Y31: ='Структура пр 2'!AI36 -> 1.566 | Z31: ='Структура пр 2'!AX36 -> 9.891 | AA31: =Z31+Y31+X31+W31 -> 27.066 | AB31: ='Структура пр 2'!H36 -> 0 | AC31: ='Структура пр 2'!I36 -> 0 | AD31: ='Структура пр 2'!W36 -> 0 | AE31: ='Структура пр 2'!X36 -> 0 | AF31: ='Структура пр 2'!AL36 -> 0 | AG31: ='Структура пр 2'!AM36 -> 0 | AH31: ='Структура пр 2'!BA36 -> 0 | AI31: ='Структура пр 2'!BB36 -> 0 | AJ31: =AH31+AF31+AD31+AB31 -> 0 | AK31: ='Структура пр 2'!BB38 -> 0 | AL31: ='Структура пр 2'!M36 -> 0 | AM31: ='Структура пр 2'!AB36 -> 0 | AN31: ='Структура пр 2'!AQ36 -> 0 | AO31: ='Структура пр 2'!BF36 -> 0 | AP31: =AO31+AN31+AM31+AL31 -> 0 | AQ31: =R31/1000*0.123 -> 1.2177 | AR31: =S31/1000*0.123 -> 1.655088 | AS31: =T31/1000*0.123 -> 1.863081 | AT31: =U31/1000*0.123 -> 1.862343 | AU31: =V31/1000*0.123 -> 6.598212 | AV31: =W31*1.16 -> 15.68668 | AW31: =X31*1.16 -> 2.41976 | AX31: =Y31*1.16 -> 1.81656 | AY31: =Z31*1.16 -> 11.47356 | AZ31: =AA31*1.16 -> 31.39656 | BA31: =AQ31+AV31 -> 16.90438 | BB31: =AR31+AW31 -> 4.074848 | BC31: =AS31+AX31 -> 3.679641 | BD31: =AT31+AY31 -> 13.335903 | BE31: =AU31+AZ31 -> 37.994772 | BF31: – на хозяйственно-бытовые нужды
A32: В разрезе видов выпускаемой продукции (основной и побочной) | C32: =V32 -> 5113953 | F32: =AA32 -> 32.25 | R32: ='Структура пр 2'!B37 -> 943780 | S32: ='Структура пр 2'!Q37 -> 1282804 | T32: ='Структура пр 2'!AF37 -> 1444004 | U32: ='Структура пр 2'!AU37 -> 1443365 | V32: =U32+T32+S32+R32 -> 5113953 | W32: =W29+W31 -> 14.819 | X32: =X29+X31 -> 3.382 | Y32: =Y29+Y31 -> 2.862 | Z32: =Z29+Z31 -> 11.187 | AA32: =Z32+Y32+X32+W32 -> 32.25 | AB32: ='Структура пр 2'!H37 -> 0 | AC32: ='Структура пр 2'!I37 -> 0 | AD32: ='Структура пр 2'!W37 -> 0 | AE32: ='Структура пр 2'!X37 -> 0 | AF32: ='Структура пр 2'!AL37 -> 0 | AG32: ='Структура пр 2'!AM37 -> 0 | AH32: ='Структура пр 2'!BA37 -> 0 | AI32: ='Структура пр 2'!BB37 -> 0 | AJ32: =AH32+AF32+AD32+AB32 -> 0 | AK32: ='Структура пр 2'!BB45 -> 0 | AL32: ='Структура пр 2'!M37 -> 0 | AM32: ='Структура пр 2'!AB37 -> 0 | AN32: ='Структура пр 2'!AQ37 -> 0 | AO32: ='Структура пр 2'!BF37 -> 0 | AP32: =AO32+AN32+AM32+AL32 -> 0 | AQ32: =R32/1000*0.123 -> 116.08494 | AR32: =S32/1000*0.123 -> 157.78489 | AS32: =T32/1000*0.123 -> 177.61249 | AT32: =U32/1000*0.123 -> 177.5339 | AU32: =V32/1000*0.123 -> 629.01622 | AV32: =W32*1.16 -> 17.19004 | AW32: =X32*1.16 -> 3.92312 | AX32: =Y32*1.16 -> 3.31992 | AY32: =Z32*1.16 -> 12.97692 | AZ32: =AA32*1.16 -> 37.41 | BA32: =AQ32+AV32 -> 133.27498 | BB32: =AR32+AW32 -> 161.70801 | BC32: =AS32+AX32 -> 180.93241 | BD32: =AT32+AY32 -> 190.51082 | BE32: =AU32+AZ32 -> 666.42622 | BF32: В разрезе видов выпускаемой продукции (основной и побочной)
A33: 1. Продукция (услуга): труба ХВС, фитинги ХВС и ГВС, канализационные трубы и фитинги, тёплый пол | C33: =V33 -> 5210438 | R33: ='Структура пр 2'!B39+'Структура пр 2'!B40+'Структура пр 2'!B41+'Структура пр 2'!B42+'Структура пр 2'!B43 -> 1279578 | S33: ='Структура пр 2'!Q39+'Структура пр 2'!Q40+'Структура пр 2'!Q41+'Структура пр 2'!Q42+'Структура пр 2'!Q43 -> 1323899 | T33: ='Структура пр 2'!AF39+'Структура пр 2'!AF40+'Структура пр 2'!AF41+'Структура пр 2'!AF42+'Структура пр 2'!AF43 -> 1365204 | U33: ='Структура пр 2'!AU39+'Структура пр 2'!AU40+'Структура пр 2'!AU41+'Структура пр 2'!AU42+'Структура пр 2'!AU43 -> 1241757 | V33: =U33+T33+S33+R33 -> 5210438 | AA33: =Z33+Y33+X33+W33 -> 0 | AJ33: =AH33+AF33+AD33+AB33 -> 0 | AK33: ='Структура пр 2'!BB46 -> 0 | AP33: =AO33+AN33+AM33+AL33 -> 0 | AU33: =V33/1000*0.123 -> 640.88387 | AZ33: =AA33*1.16 -> 0 | BE33: =AU33+AZ33 -> 640.88387
A38: Энергетический баланс предприятия
O39: Таблица 3
A40: Структура параметров баланса | C40: Электр энергияси | E40: Тепловая энергия | F40: Газ | G40: Мазут | H40: Уголь | J40: Нефтепродукты | O40: Вода | P40: Примечание | R40: не удалят | AQ40: 20224год не трогат
C41: актив Р | D41: реактив Q | J41: Бензин | K41: Дизель | L41: Керосин | M41: ГСМ (Горюче-смазочные материалы) | N41: Прочее | R41: электр | W41: газ | AB41: ГСМ | AL41: Вода | AQ41: электр в т.у.т | AV41: газ в т.у.т | BA41: итого в т.у.т
AB42: Д/т | AC42: бензин | AD42: Д/т | AE42: бензин | AF42: Д/т | AG42: бензин | AH42: Д/т | AI42: бензин | AJ42: Д/т | AK42: бензин
E43: Гкал | F43: тыс. м | G43: тонна | H43: тонна | J43: тонна | O43: м³ | R43: 1 | S43: 2 | T43: 3 | U43: 4 | V43: год | W43: 1 | X43: 2 | Y43: 3 | Z43: 4 | AA43: год | AB43: 1 | AD43: 2 | AF43: 3 | AH43: 4 | AJ43: год | AL43: 1 | AM43: 2 | AN43: 3 | AO43: 4 | AP43: год | AQ43: 1 | AR43: 2 | AS43: 3 | AT43: 4 | AU43: год | AV43: 1 | AW43: 2 | AX43: 3 | AY43: 4 | AZ43: год | BA43: 1 | BB43: 2 | BC43: 3 | BD43: 4 | BE43: год
A44: Установленная электрическая мощность | C44: =V44 -> 4950000 | D44: ='Узел учета '!D5 -> 1825000 | R44: ='Структура пр 2'!B52 -> 1200000 | S44: ='Структура пр 2'!Q52 -> 1200000 | T44: ='Структура пр 2'!AF52 -> 1200000 | U44: ='Структура пр 2'!AU52 -> 1350000 | V44: =U44+T44+S44+R44 -> 4950000 | W44: ='Структура пр 2'!E52 -> 0 | X44: ='Структура пр 2'!T52 -> 0 | Y44: ='Структура пр 2'!AI52 -> 0 | Z44: ='Структура пр 2'!AX52 -> 0 | AA44: =Z44+Y44+X44+W44 -> 0 | AB44: ='Структура пр 2'!H52 -> 0 | AC44: ='Структура пр 2'!I52 -> 0 | AD44: ='Структура пр 2'!W52 -> 0 | AE44: ='Структура пр 2'!X52 -> 0 | AF44: ='Структура пр 2'!AL52 -> 0 | AG44: ='Структура пр 2'!AM52 -> 0 | AH44: ='Структура пр 2'!AL52 -> 0 | AI44: ='Структура пр 2'!AM52 -> 0 | AJ44: =AH44+AF44+AD44+AB44 -> 0 | AK44: ='Структура пр 2'!BB57 -> 0 | AL44: ='Структура пр 2'!M52 -> 0 | AM44: ='Структура пр 2'!AB52 -> 0 | AN44: ='Структура пр 2'!AQ52 -> 0 | AO44: ='Структура пр 2'!BF52 -> 0 | AP44: =AO44+AN44+AM44+AL44 -> 0 | AQ44: =R44/1000*0.123 -> 147.6 | AR44: =S44/1000*0.123 -> 147.6 | AS44: =T44/1000*0.123 -> 147.6 | AT44: =U44/1000*0.123 -> 166.05 | AU44: =V44/1000*0.123 -> 608.85 | AV44: =W44*1.16 -> 0 | AW44: =X44*1.16 -> 0 | AX44: =Y44*1.16 -> 0 | AY44: =Z44*1.16 -> 0 | AZ44: =AA44*1.16 -> 0 | BA44: =AQ44+AV44 -> 147.6 | BB44: =AR44+AW44 -> 147.6 | BC44: =AS44+AX44 -> 147.6 | BD44: =AT44+AY44 -> 166.05 | BE44: =AU44+AZ44 -> 608.85 | BF44: Установленная электрическая мощность
A45: Транзитным абониментам | R45: ='Структура пр 2'!B53 -> 0 | S45: ='Структура пр 2'!Q53 -> 0 | T45: ='Структура пр 2'!AF53 -> 0 | U45: ='Структура пр 2'!AU53 -> 0 | V45: =U45+T45+S45+R45 -> 0 | W45: ='Структура пр 2'!E53 -> 0 | X45: ='Структура пр 2'!T53 -> 0 | Y45: ='Структура пр 2'!AI53 -> 0 | Z45: ='Структура пр 2'!AX53 -> 0 | AA45: =Z45+Y45+X45+W45 -> 0 | AB45: ='Структура пр 2'!H53 -> 0 | AC45: ='Структура пр 2'!I53 -> 0 | AD45: ='Структура пр 2'!W53 -> 0 | AE45: ='Структура пр 2'!X53 -> 0 | AF45: ='Структура пр 2'!AL53 -> 0 | AG45: ='Структура пр 2'!AM53 -> 0 | AH45: ='Структура пр 2'!AL53 -> 0 | AI45: ='Структура пр 2'!AM53 -> 0 | AJ45: =AH45+AF45+AD45+AB45 -> 0 | AK45: ='Структура пр 2'!BB58 -> 0 | AL45: ='Структура пр 2'!M53 -> 0 | AM45: ='Структура пр 2'!AB53 -> 0 | AN45: ='Структура пр 2'!AQ53 -> 0 | AO45: ='Структура пр 2'!BF53 -> 0 | AP45: =AO45+AN45+AM45+AL45 -> 0 | AQ45: =R45/1000*0.123 -> 0 | AR45: =S45/1000*0.123 -> 0 | AS45: =T45/1000*0.123 -> 0 | AT45: =U45/1000*0.123 -> 0 | AU45: =V45/1000*0.123 -> 0 | AV45: =W45*1.16 -> 0 | AW45: =X45*1.16 -> 0 | AX45: =Y45*1.16 -> 0 | AY45: =Z45*1.16 -> 0 | AZ45: =AA45*1.16 -> 0 | BA45: =AQ45+AV45 -> 0 | BB45: =AR45+AW45 -> 0 | BC45: =AS45+AX45 -> 0 | BD45: =AT45+AY45 -> 0 | BE45: =AU45+AZ45 -> 0 | BF45: Транзитным абониментам
A46: Общее потребление по предприятию | C46: =V46 -> 4868248 | F46: =AA46 -> 38.759 | R46: ='Структура пр 2'!B54 -> 1156453 | S46: ='Структура пр 2'!Q54 -> 1038843 | T46: ='Структура пр 2'!AF54 -> 1293246 | U46: ='Структура пр 2'!AU54 -> 1379706 | V46: =U46+T46+S46+R46 -> 4868248 | W46: ='Структура пр 2'!E54 -> 22.078 | X46: ='Структура пр 2'!T54 -> 2.708 | Y46: ='Структура пр 2'!AI54 -> 2.171 | Z46: ='Структура пр 2'!AX54 -> 11.802 | AA46: =Z46+Y46+X46+W46 -> 38.759 | AB46: ='Структура пр 2'!H54 -> 0 | AC46: ='Структура пр 2'!I54 -> 0 | AD46: ='Структура пр 2'!W54 -> 0 | AE46: ='Структура пр 2'!X54 -> 0 | AF46: ='Структура пр 2'!AL54 -> 0 | AG46: ='Структура пр 2'!AM54 -> 0 | AH46: ='Структура пр 2'!AL54 -> 0 | AI46: ='Структура пр 2'!AM54 -> 0 | AJ46: =AH46+AF46+AD46+AB46 -> 0 | AK46: ='Структура пр 2'!BB59 -> 0 | AL46: ='Структура пр 2'!M54 -> 1238 | AM46: ='Структура пр 2'!AB54 -> 1849 | AN46: ='Структура пр 2'!AQ54 -> 1827 | AO46: ='Структура пр 2'!BF54 -> 2092 | AP46: =AO46+AN46+AM46+AL46 -> 7006 | AQ46: =R46/1000*0.123 -> 142.24372 | AR46: =S46/1000*0.123 -> 127.77769 | AS46: =T46/1000*0.123 -> 159.06926 | AT46: =U46/1000*0.123 -> 169.70384 | AU46: =V46/1000*0.123 -> 598.7945 | AV46: =W46*1.16 -> 25.61048 | AW46: =X46*1.16 -> 3.14128 | AX46: =Y46*1.16 -> 2.51836 | AY46: =Z46*1.16 -> 13.69032 | AZ46: =AA46*1.16 -> 44.96044 | BA46: =AQ46+AV46 -> 167.8542 | BB46: =AR46+AW46 -> 130.91897 | BC46: =AS46+AX46 -> 161.58762 | BD46: =AT46+AY46 -> 183.39416 | BE46: =AU46+AZ46 -> 643.75494 | BF46: Общее потребление по предприятию
A47: – на технологические нужды | C47: =V47 -> 3825344 | R47: ='Структура пр 2'!B55 -> 908711 | S47: ='Структура пр 2'!Q55 -> 816296 | T47: ='Структура пр 2'!AF55 -> 1016199 | U47: ='Структура пр 2'!AU55 -> 1084138 | V47: =U47+T47+S47+R47 -> 3825344 | W47: ='Структура пр 2'!E55 -> 0 | X47: ='Структура пр 2'!T55 -> 0 | Y47: ='Структура пр 2'!AI55 -> 0 | Z47: ='Структура пр 2'!AX55 -> 0 | AA47: =Z47+Y47+X47+W47 -> 0 | AB47: ='Структура пр 2'!H55 -> 0 | AC47: ='Структура пр 2'!I55 -> 0 | AD47: ='Структура пр 2'!W55 -> 0 | AE47: ='Структура пр 2'!X55 -> 0 | AF47: ='Структура пр 2'!AL55 -> 0 | AG47: ='Структура пр 2'!AM55 -> 0 | AH47: ='Структура пр 2'!AL55 -> 0 | AI47: ='Структура пр 2'!AM55 -> 0 | AJ47: =AH47+AF47+AD47+AB47 -> 0 | AK47: ='Структура пр 2'!BB60 -> 0 | AL47: ='Структура пр 2'!M55 -> 0 | AM47: ='Структура пр 2'!AB55 -> 0 | AN47: ='Структура пр 2'!AQ55 -> 0 | AO47: ='Структура пр 2'!BF55 -> 0 | AP47: =AO47+AN47+AM47+AL47 -> 0 | AQ47: =R47/1000*0.123 -> 111.77145 | AR47: =S47/1000*0.123 -> 100.40441 | AS47: =T47/1000*0.123 -> 124.99248 | AT47: =U47/1000*0.123 -> 133.34897 | AU47: =V47/1000*0.123 -> 470.51731 | AV47: =W47*1.16 -> 0 | AW47: =X47*1.16 -> 0 | AX47: =Y47*1.16 -> 0 | AY47: =Z47*1.16 -> 0 | AZ47: =AA47*1.16 -> 0 | BA47: =AQ47+AV47 -> 111.77145 | BB47: =AR47+AW47 -> 100.40441 | BC47: =AS47+AX47 -> 124.99248 | BD47: =AT47+AY47 -> 133.34897 | BE47: =AU47+AZ47 -> 470.51731 | BF47: – на технологические нужды
A48: – на собственные нужды предприятия | C48: =V48 -> 97365 | F48: =AA48 -> 5.184 | R48: ='Структура пр 2'!B56 -> 23129 | S48: ='Структура пр 2'!Q56 -> 20777 | T48: ='Структура пр 2'!AF56 -> 25865 | U48: ='Структура пр 2'!AU56 -> 27594 | V48: =U48+T48+S48+R48 -> 97365 | W48: ='Структура пр 2'!E56 -> 1.296 | X48: ='Структура пр 2'!T56 -> 1.296 | Y48: ='Структура пр 2'!AI56 -> 1.296 | Z48: ='Структура пр 2'!AX56 -> 1.296 | AA48: =Z48+Y48+X48+W48 -> 5.184 | AB48: ='Структура пр 2'!H56 -> 0 | AC48: ='Структура пр 2'!I56 -> 0 | AD48: ='Структура пр 2'!W56 -> 0 | AE48: ='Структура пр 2'!X56 -> 0 | AF48: ='Структура пр 2'!AL56 -> 0 | AG48: ='Структура пр 2'!AM56 -> 0 | AH48: ='Структура пр 2'!AL56 -> 0 | AI48: ='Структура пр 2'!AM56 -> 0 | AJ48: =AH48+AF48+AD48+AB48 -> 0 | AK48: ='Структура пр 2'!BB61 -> 0 | AL48: ='Структура пр 2'!M56 -> 1238 | AM48: ='Структура пр 2'!AB56 -> 1849 | AN48: ='Структура пр 2'!AQ56 -> 1827 | AO48: ='Структура пр 2'!BF56 -> 2092 | AP48: =AO48+AN48+AM48+AL48 -> 7006 | AQ48: =R48/1000*0.123 -> 2.844867 | AR48: =S48/1000*0.123 -> 2.555571 | AS48: =T48/1000*0.123 -> 3.181395 | AT48: =U48/1000*0.123 -> 3.394062 | AU48: =V48/1000*0.123 -> 11.975895 | AV48: =W48*1.16 -> 1.50336 | AW48: =X48*1.16 -> 1.50336 | AX48: =Y48*1.16 -> 1.50336 | AY48: =Z48*1.16 -> 1.50336 | AZ48: =AA48*1.16 -> 6.01344 | BA48: =AQ48+AV48 -> 4.348227 | BB48: =AR48+AW48 -> 4.058931 | BC48: =AS48+AX48 -> 4.684755 | BD48: =AT48+AY48 -> 4.897422 | BE48: =AU48+AZ48 -> 17.989335 | BF48: – на собственные нужды предприятия
A49: – на производственные нужды | C49: =V49 -> 896013 | R49: ='Структура пр 2'!B57 -> 212848 | S49: ='Структура пр 2'!Q57 -> 191202 | T49: ='Структура пр 2'!AF57 -> 238025 | U49: ='Структура пр 2'!AU57 -> 253938 | V49: =U49+T49+S49+R49 -> 896013 | W49: ='Структура пр 2'!E57 -> 0 | X49: ='Структура пр 2'!T57 -> 0 | Y49: ='Структура пр 2'!AI57 -> 0 | Z49: ='Структура пр 2'!AX57 -> 0 | AA49: =Z49+Y49+X49+W49 -> 0 | AB49: ='Структура пр 2'!H57 -> 0 | AC49: ='Структура пр 2'!I57 -> 0 | AD49: ='Структура пр 2'!W57 -> 0 | AE49: ='Структура пр 2'!X57 -> 0 | AF49: ='Структура пр 2'!AL57 -> 0 | AG49: ='Структура пр 2'!AM57 -> 0 | AH49: ='Структура пр 2'!AL57 -> 0 | AI49: ='Структура пр 2'!AM57 -> 0 | AJ49: =AH49+AF49+AD49+AB49 -> 0 | AK49: ='Структура пр 2'!BB62 -> 0 | AL49: ='Структура пр 2'!M57 -> 0 | AM49: ='Структура пр 2'!AB57 -> 0 | AN49: ='Структура пр 2'!AQ57 -> 0 | AO49: ='Структура пр 2'!BF57 -> 0 | AP49: =AO49+AN49+AM49+AL49 -> 0 | AQ49: =R49/1000*0.123 -> 26.180304 | AR49: =S49/1000*0.123 -> 23.517846 | AS49: =T49/1000*0.123 -> 29.277075 | AT49: =U49/1000*0.123 -> 31.234374 | AU49: =V49/1000*0.123 -> 110.2096 | AV49: =W49*1.16 -> 0 | AW49: =X49*1.16 -> 0 | AX49: =Y49*1.16 -> 0 | AY49: =Z49*1.16 -> 0 | AZ49: =AA49*1.16 -> 0 | BA49: =AQ49+AV49 -> 26.180304 | BB49: =AR49+AW49 -> 23.517846 | BC49: =AS49+AX49 -> 29.277075 | BD49: =AT49+AY49 -> 31.234374 | BE49: =AU49+AZ49 -> 110.2096 | BF49: – на производственные нужды
A50: – на хозяйственно-бытовые нужды | C50: =V50 -> 49526 | F50: =AA50 -> 33.575 | R50: ='Структура пр 2'!B58 -> 11765 | S50: ='Структура пр 2'!Q58 -> 10568 | T50: ='Структура пр 2'!AF58 -> 13157 | U50: ='Структура пр 2'!AU58 -> 14036 | V50: =U50+T50+S50+R50 -> 49526 | W50: ='Структура пр 2'!E58 -> 20.782 | X50: ='Структура пр 2'!T58 -> 1.412 | Y50: ='Структура пр 2'!AI58 -> 0.875 | Z50: ='Структура пр 2'!AX58 -> 10.506 | AA50: =Z50+Y50+X50+W50 -> 33.575 | AB50: ='Структура пр 2'!H58 -> 0 | AC50: ='Структура пр 2'!I58 -> 0 | AD50: ='Структура пр 2'!W58 -> 0 | AE50: ='Структура пр 2'!X58 -> 0 | AF50: ='Структура пр 2'!AL58 -> 0 | AG50: ='Структура пр 2'!AM58 -> 0 | AH50: ='Структура пр 2'!AL58 -> 0 | AI50: ='Структура пр 2'!AM58 -> 0 | AJ50: =AH50+AF50+AD50+AB50 -> 0 | AK50: ='Структура пр 2'!BB63 -> 0 | AL50: ='Структура пр 2'!M58 -> 0 | AM50: ='Структура пр 2'!AB58 -> 0 | AN50: ='Структура пр 2'!AQ58 -> 0 | AO50: ='Структура пр 2'!BF58 -> 0 | AP50: =AO50+AN50+AM50+AL50 -> 0 | AQ50: =R50/1000*0.123 -> 1.447095 | AR50: =S50/1000*0.123 -> 1.299864 | AS50: =T50/1000*0.123 -> 1.618311 | AT50: =U50/1000*0.123 -> 1.726428 | AU50: =V50/1000*0.123 -> 6.091698 | AV50: =W50*1.16 -> 24.10712 | AW50: =X50*1.16 -> 1.63792 | AX50: =Y50*1.16 -> 1.015 | AY50: =Z50*1.16 -> 12.18696 | AZ50: =AA50*1.16 -> 38.947 | BA50: =AQ50+AV50 -> 25.554215 | BB50: =AR50+AW50 -> 2.937784 | BC50: =AS50+AX50 -> 2.633311 | BD50: =AT50+AY50 -> 13.913388 | BE50: =AU50+AZ50 -> 45.038698 | BF50: – на хозяйственно-бытовые нужды
A51: В разрезе видов выпускаемой продукции (основной и побочной) | C51: =V51 -> 4721357 | R51: ='Структура пр 2'!B59 -> 1121559 | S51: ='Структура пр 2'!Q59 -> 1007498 | T51: ='Структура пр 2'!AF59 -> 1254224 | U51: ='Структура пр 2'!AU59 -> 1338076 | V51: =U51+T51+S51+R51 -> 4721357 | W51: =W47+W49 -> 0 | X51: =X47+X49 -> 0 | Y51: =Y47+Y49 -> 0 | Z51: =Z47+Z49 -> 0 | AA51: =Z51+Y51+X51+W51 -> 0 | AB51: ='Структура пр 2'!H59 -> 0 | AC51: ='Структура пр 2'!I59 -> 0 | AD51: ='Структура пр 2'!W59 -> 0 | AE51: ='Структура пр 2'!X59 -> 0 | AF51: ='Структура пр 2'!AL59 -> 0 | AG51: ='Структура пр 2'!AM59 -> 0 | AH51: ='Структура пр 2'!AL59 -> 0 | AI51: ='Структура пр 2'!AM59 -> 0 | AJ51: =AH51+AF51+AD51+AB51 -> 0 | AK51: ='Структура пр 2'!BB64 -> 0 | AL51: ='Структура пр 2'!M59 -> 0 | AM51: ='Структура пр 2'!AB59 -> 0 | AN51: ='Структура пр 2'!AQ59 -> 0 | AO51: ='Структура пр 2'!BF59 -> 0 | AP51: =AO51+AN51+AM51+AL51 -> 0 | AQ51: =R51/1000*0.123 -> 137.95176 | AR51: =S51/1000*0.123 -> 123.92225 | AS51: =T51/1000*0.123 -> 154.26955 | AT51: =U51/1000*0.123 -> 164.58335 | AU51: =V51/1000*0.123 -> 580.72691 | AV51: =W51*1.16 -> 0 | AW51: =X51*1.16 -> 0 | AX51: =Y51*1.16 -> 0 | AY51: =Z51*1.16 -> 0 | AZ51: =AA51*1.16 -> 0 | BA51: =AQ51+AV51 -> 137.95176 | BB51: =AR51+AW51 -> 123.92225 | BC51: =AS51+AX51 -> 154.26955 | BD51: =AT51+AY51 -> 164.58335 | BE51: =AU51+AZ51 -> 580.72691 | BF51: В разрезе видов выпускаемой продукции (основной и побочной)
A52: 1. Продукция (услуга): труба ХВС, фитинги ХВС и ГВС, канализационные трубы и фитинги, тёплый пол | C52: =V52 -> 5781489 | R52: ='Структура пр 2'!B61+'Структура пр 2'!B62+'Структура пр 2'!B63+'Структура пр 2'!B64+'Структура пр 2'!B65 -> 1507040 | S52: ='Структура пр 2'!Q61+'Структура пр 2'!Q62+'Структура пр 2'!Q63+'Структура пр 2'!Q64+'Структура пр 2'!Q65 -> 1083987 | T52: ='Структура пр 2'!AF61+'Структура пр 2'!AF62+'Структура пр 2'!AF63+'Структура пр 2'!AF64+'Структура пр 2'!AF65 -> 1606257 | U52: ='Структура пр 2'!AU61+'Структура пр 2'!AU62+'Структура пр 2'!AU63+'Структура пр 2'!AU64+'Структура пр 2'!AU65 -> 1584205 | V52: =U52+T52+S52+R52 -> 5781489 | AA52: =Z52+Y52+X52+W52 -> 0 | AJ52: =AH52+AF52+AD52+AB52 -> 0 | AK52: ='Структура пр 2'!BB65 -> 0 | AP52: =AO52+AN52+AM52+AL52 -> 0 | AU52: =V52/1000*0.123 -> 711.12315 | AZ52: =AA52*1.16 -> 0 | BE52: =AU52+AZ52 -> 711.12315
S57: лимит | T57: коифицент | U57: т.у.т
R58: газ | S58: =W44 -> 0 | T58: 1.16 | U58: =T58*S58 -> 0
S59: =X44 -> 0 | T59: 1.16 | U59: =T59*S59 -> 0
S60: =Y44 -> 0 | T60: 1.16 | U60: =T60*S60 -> 0
S61: =Z44 -> 0 | T61: 1.16 | U61: =T61*S61 -> 0
S62: =SUM(S58:S61) -> 0 | T62: 1.16 | U62: =T62*S62 -> 0
S63: лимит | T63: коифицент | U63: т.у.т
R64: э-э | S64: 420 | T64: 0.123 | U64: =T64*S64 -> 51.66 | V64: итого т.у.т | W64: =U58+U64 -> 51.66
S65: 420 | T65: 0.123 | U65: =T65*S65 -> 51.66 | W65: =U59+U65 -> 51.66
S66: 420 | T66: 0.123 | U66: =T66*S66 -> 51.66 | W66: =U60+U66 -> 51.66
S67: 420 | T67: 0.123 | U67: =T67*S67 -> 51.66 | W67: =U61+U67 -> 51.66
S68: =SUM(S64:S67) -> 1680 | T68: 0.123 | U68: =T68*S68 -> 206.64 | W68: =U62+U68 -> 206.64
R72: Нормативное потребление, %
R73: 1 квартал | S73: 2 квартал | T73: 3 квартал | U73: 4 квартал | V73: год
V74: ='Расход на ед.п'!T16 -> 0.66860465 | W74: 2022
V75: ='Расход на ед.п'!T17 -> 0.76627907 | W75: 2023
V76: ='Расход на ед.п'!T18 -> 0.94418605 | W76: 2024

Sheet Динамика ср
A1: 2022 г.Сравнителные показатели динамика расходов энергии
M2: Таблица 5
A3: ЭНЕРГОРЕСУРСЫ | C3: Электроэнергия, кВт·ч | H3: Тепловая энергия, Гкал | M3: Природный газ, тыс. м³
A4: Квартал | C4: I | D4: II | E4: III | F4: IV | G4: йил | H4: I | I4: II | J4: III | K4: IV | L4: йил | M4: I | N4: II | O4: III | P4: IV | Q4: йил
A5: Основной вид продукции (услуги) | B5: удельный расход за прошлый год (факт) | C5: 0 | D5: 0 | E5: 0 | F5: 0 | G5: 0 | H5: 0 | I5: 0 | J5: 0 | K5: 0 | L5: 0 | M5: 0 | N5: 0 | O5: 0 | P5: 0 | Q5: 0
B6: удельный расход за отчётный год (факт) | C6: ='Структура пр 2'!B15:C15 -> 0 | D6: ='Структура пр 2'!Q15 -> 890249 | E6: ='Структура пр 2'!AF15 -> 1078949 | F6: ='Структура пр 2'!AU15 -> 1014849 | G6: =F6+E6+D6+C6 -> 2984047 | H6: 0 | I6: 0 | J6: 0 | K6: 0 | L6: 0 | M6: ='Структура пр 2'!D15 -> 0 | N6: ='Структура пр 2'!T15 -> 0 | O6: ='Структура пр 2'!AI15 -> 0 | P6: ='Структура пр 2'!AW15 -> 0 | Q6: =P6+O6+N6+M6 -> 0
A7: Дополнительная продукция (услуга) | B7: удельный расход за прошлый год (факт) | H7: 0 | I7: 0 | J7: 0 | K7: 0 | L7: 0
B8: удельный расход за отчётный год (факт) | H8: 0 | I8: 0 | J8: 0 | K8: 0 | L8: 0
A9: Технологическое потребление | B9: удельный расход за прошлый год (факт) | C9: 0 | D9: 0 | E9: 0 | F9: 0 | G9: 0 | H9: 0 | I9: 0 | J9: 0 | K9: 0 | L9: 0 | M9: 0 | N9: 0 | O9: 0 | P9: 0 | Q9: 0
B10: удельный расход за отчётный год (факт) | C10: ='Структура пр 2'!B11 -> 795615 | D10: ='Структура пр 2'!Q11 -> 721299 | E10: ='Структура пр 2'!AF11 -> 874187 | F10: ='Структура пр 2'!AU11 -> 822252 | G10: =F10+E10+D10+C10 -> 3213353 | H10: 0 | I10: 0 | J10: 0 | K10: 0 | L10: 0 | M10: ='Структура пр 2'!E11 -> 0 | N10: ='Структура пр 2'!T11 -> 0 | O10: ='Структура пр 2'!AI11 -> 0 | P10: ='Структура пр 2'!AX11 -> 0 | Q10: =P10+O10+N10+M10 -> 0
A11: Изменение удельного энергопотребления в отчётном году по сравнению с фактическим удельным потреблением прошлого года, % (увеличение или снижение)* | C11: 0 | D11: 0 | E11: 0 | F11: 0 | G11: 0 | H11: 0 | I11: 0 | J11: 0 | K11: 0 | L11: 0 | M11: 0 | N11: 0 | O11: 0 | P11: 0 | Q11: 0
A12: Хозяйственно-бытовое потребление (тыс. кВт·ч / Гкал / тыс. м³) | C12: ='Структура пр 2'!B14/1000 -> 10.301 | D12: ='Структура пр 2'!Q14/1000 -> 9.339 | E12: ='Структура пр 2'!AF14/1000 -> 11.318 | F12: ='Структура пр 2'!AU14/1000 -> 10.646 | G12: =F12+E12+D12+C12 -> 41.604 | H12: 0 | I12: 0 | J12: 0 | K12: 0 | L12: 0 | M12: ='Структура пр 2'!E14 -> 14.371 | N12: ='Структура пр 2'!T14 -> 2.44 | O12: ='Структура пр 2'!AI14 -> 1.191 | P12: ='Структура пр 2'!AX14 -> 7.725 | Q12: =P12+O12+N12+M12 -> 25.727
A13: Общее потребление энергоресурсов (тыс. кВт·ч / Гкал / тыс. м³) | C13: ='Структура пр 2'!B10/1000 -> 1012.524 | D13: ='Структура пр 2'!Q10/1000 -> 917.947 | E13: ='Структура пр 2'!AF10/1000 -> 1112.517 | F13: ='Структура пр 2'!AU10/1000 -> 1046.423 | G13: =F13+E13+D13+C13 -> 4089.411 | H13: 0 | I13: 0 | J13: 0 | K13: 0 | L13: 0 | M13: ='Структура пр 2'!E10 -> 15.667 | N13: ='Структура пр 2'!T10 -> 3.736 | O13: ='Структура пр 2'!AI10 -> 2.487 | P13: ='Структура пр 2'!AX10 -> 9.021 | Q13: =P13+O13+N13+M13 -> 30.911
A14: Нормативное потребление, % э-э (8.6 кВт*ч/м2) газ (3.4 м3/м2) | C14: ='Расход на ед.п'!$T$16*100 -> 66.860465 | D14: ='Расход на ед.п'!$T$16*100 -> 66.860465 | E14: ='Расход на ед.п'!$T$16*100 -> 66.860465 | F14: ='Расход на ед.п'!$T$16*100 -> 66.860465 | G14: ='Расход на ед.п'!$T$16*100 -> 66.860465 | Q14: 59.6 % снижение
A18: 2023 г.Сравнителные показатели динамика расходов энергии
M19: Таблица 5
A20: ЭНЕРГОРЕСУРСЫ | C20: Электроэнергия, кВт·ч | H20: Тепловая энергия, Гкал | M20: Природный газ, тыс. м³
A21: Квартал | C21: I | D21: II | E21: III | F21: IV | G21: йил | H21: I | I21: II | J21: III | K21: IV | L21: йил | M21: I | N21: II | O21: III | P21: IV | Q21: йил
A22: Основной вид продукции (услуги) | B22: удельный расход за прошлый год (факт) | C22: =C6 -> 0 | D22: =D6 -> 890249 | E22: =E6 -> 1078949 | F22: =F6 -> 1014849 | G22: =G6 -> 2984047 | H22: =H6 -> 0 | I22: =I6 -> 0 | J22: =J6 -> 0 | ... Q22: =Q6 -> 0
B23: удельный расход за отчётный год (факт) | C23: ='Структура пр 2'!B37 -> 943780 | D23: ='Структура пр 2'!Q37 -> 1282804 | E23: ='Структура пр 2'!AF37 -> 1444004 | F23: ='Структура пр 2'!AU37 -> 1443365 | G23: =F23+E23+D23+C23 -> 5113953 | M23: ='[1]Структура пр 2'!D37 -> 0 | N23: ='Структура пр 2'!S37 -> 0 | O23: ='Структура пр 2'!AH37 -> 0 | P23: ='Структура пр 2'!AW37 -> 0 | Q23: =P23+O23+N23+M23 -> 0
A24: Дополнительная продукция (услуга) | B24: удельный расход за прошлый год (факт)
B25: удельный расход за отчётный год (факт)
A26: Технологическое потребление | B26: удельный расход за прошлый год (факт) | C26: =C10 -> 795615 | D26: =D10 -> 721299 | E26: =E10 -> 874187 | F26: =F10 -> 822252 | G26: =G10 -> 3213353 | H26: =H10 -> 0 | I26: =I10 -> 0 | J26: =J10 -> 0 | ... Q26: =Q10 -> 0
B27: удельный расход за отчётный год (факт) | C27: ='Структура пр 2'!B33 -> 764671 | D27: ='Структура пр 2'!Q33 -> 1039355 | E27: ='Структура пр 2'!AF33 -> 1169963 | F27: ='Структура пр 2'!AU33 -> 1169445 | G27: =F27+E27+D27+C27 -> 4143434 | M27: ='Структура пр 2'!E33 -> 0 | N27: ='Структура пр 2'!T33 -> 0 | O27: ='Структура пр 2'!AI33 -> 0 | P27: ='Структура пр 2'!AX33 -> 0 | Q27: =P27+O27+N27+M27 -> 0
A28: Изменение удельного энергопотребления в отчётном году по сравнению с фактическим удельным потреблением прошлого года, % (увеличение или снижение)* | C28: 24.5% увеличение | D28: 35.9% увеличение | E28: 12.3% снижение | F28: 18.4 % снижение | G28: 5.1 % увеличение | M28: 6.9 % снижение | N28: 43.7 % увеличение | O28: 15.9 % увеличение
A29: Хозяйственно-бытовое потребление (тыс. кВт·ч / Гкал / тыс. м³) | C29: ='Структура пр 2'!B36/1000 -> 9.9 | D29: ='Структура пр 2'!Q36/1000 -> 13.456 | E29: ='Структура пр 2'!AF36/1000 -> 15.147 | F29: ='Структура пр 2'!AU36/1000 -> 15.141 | G29: =F29+E29+D29+C29 -> 53.644 | M29: ='Структура пр 2'!E36 -> 13.523 | N29: ='Структура пр 2'!T36 -> 2.086 | O29: ='Структура пр 2'!AI36 -> 1.566 | P29: ='Структура пр 2'!AX36 -> 9.891 | Q29: =P29+O29+N29+M29 -> 27.066
A30: Общее потребление энергоресурсов (тыс. кВт·ч / Гкал / тыс. м³) | C30: ='Структура пр 2'!B32/1000 -> 973.143 | D30: ='Структура пр 2'!Q32/1000 -> 1322.714 | E30: ='Структура пр 2'!AF32/1000 -> 1488.93 | F30: ='Структура пр 2'!AU32/1000 -> 1488.271 | G30: =F30+E30+D30+C30 -> 5273.058 | M30: ='Структура пр 2'!E32 -> 14.0819 | N30: ='Структура пр 2'!T32 -> 3.382 | O30: ='Структура пр 2'!AI32 -> 2.862 | P30: ='Структура пр 2'!AX32 -> 11.187 | Q30: =P30+O30+N30+M30 -> 31.5129
A31: Нормативное потребление, % э-э (8.6 кВт*ч/м2) газ (3.4 м3/м2) | C31: ='Расход на ед.п'!T17*100 -> 76.627907 | D31: ='Расход на ед.п'!T17*100 -> 76.627907 | E31: ='Расход на ед.п'!T17*100 -> 76.627907 | F31: ='Расход на ед.п'!T17*100 -> 76.627907 | G31: ='Расход на ед.п'!T17*100 -> 76.627907
A35: 2024 г.Сравнителные показатели динамика расходов энергии
M36: Таблица 5
A37: ЭНЕРГОРЕСУРСЫ | C37: Электроэнергия, кВт·ч | H37: Тепловая энергия, Гкал | M37: Природный газ, тыс. м³ | U37: кВт/м2 | W37: м3/м2
A38: Квартал | C38: I | D38: II | E38: III | F38: IV | G38: йил | H38: I | I38: II | J38: III | K38: IV | L38: йил | M38: I | N38: II | O38: III | P38: IV | Q38: йил | T38: 8.6 | U38: 5.75 | V38: =U38/T38 -> 0.66860465 | W38: 1.383 | X38: 3.4 | Y38: =W38/X38 -> 0.40676471
A39: Основной вид продукции (услуги) | B39: удельный расход за прошлый год (факт) | C39: =C23 -> 943780 | D39: =D23 -> 1282804 | E39: =E23 -> 1444004 | F39: =F23 -> 1443365 | G39: =G23 -> 5113953 | H39: =H23 -> 0 | I39: =I23 -> 0 | J39: =J23 -> 0 | ... Q39: =Q23 -> 0 | T39: 8.6 | U39: 6.59 | V39: =U39/T39 -> 0.76627907 | W39: 1.949 | X39: 3.4 | Y39: =W39/X39 -> 0.57323529
B40: удельный расход за отчётный год (факт) | C40: ='Структура пр 2'!B59 -> 1121559 | D40: ='Структура пр 2'!Q59 -> 1007498 | E40: ='Структура пр 2'!AF59 -> 1254224 | F40: ='Структура пр 2'!AU59 -> 1338076 | G40: =F40+E40+D40+C40 -> 4721357 | M40: ='Структура пр 2'!D59 -> 0 | N40: ='Структура пр 2'!S59 -> 0 | O40: ='Структура пр 2'!AH59 -> 0 | P40: ='Структура пр 2'!AW59 -> 0 | Q40: =P40+O40+N40+M40 -> 0 | T40: 8.6 | U40: 8.12 | V40: =U40/T40 -> 0.94418605 | W40: 3.413 | X40: 3.4 | Y40: =W40/X40 -> 1.0038235
A41: Дополнительная продукция (услуга) | B41: удельный расход за прошлый год (факт)
B42: удельный расход за отчётный год (факт)
A43: Технологическое потребление | B43: удельный расход за прошлый год (факт) | C43: =C27 -> 764671 | D43: =D27 -> 1039355 | E43: =E27 -> 1169963 | F43: =F27 -> 1169445 | G43: =G27 -> 4143434 | H43: =H27 -> 0 | I43: =I27 -> 0 | J43: =J27 -> 0 | ... Q43: =Q27 -> 0
B44: удельный расход за отчётный год (факт) | C44: ='Структура пр 2'!B55 -> 908711 | D44: ='Структура пр 2'!Q55 -> 816296 | E44: ='Структура пр 2'!AF55 -> 1016199 | F44: ='Структура пр 2'!AU55 -> 1084138 | G44: =F44+E44+D44+C44 -> 3825344 | M44: ='Структура пр 2'!E55 -> 0 | N44: ='Структура пр 2'!T55 -> 0 | O44: ='Структура пр 2'!AI55 -> 0 | P44: ='Структура пр 2'!AX55 -> 0 | Q44: =P44+O44+N44+M44 -> 0
A45: Изменение удельного энергопотребления в отчётном году по сравнению с фактическим удельным потреблением прошлого года, % (увеличение или снижение)* | C45: 15.8 % снижение | D45: 33.6 % снижение | E45: 21 % снижение | F45: 69.2 % снижение | G45: 33.4 % снижение | M45: 9.3 % увеличение | N45: 18.6 % снижение | O45: 36.6 % снижение | P45: 23.8 % снижение | Q45: 15.6 % снижение
A46: Хозяйственно-бытовое потребление (тыс. кВт·ч / Гкал / тыс. м³) | C46: ='Структура пр 2'!B58/1000 -> 11.765 | D46: ='Структура пр 2'!Q58/1000 -> 10.568 | E46: ='Структура пр 2'!AF58/1000 -> 13.157 | F46: ='Структура пр 2'!AU58/1000 -> 14.036 | G46: =F46+E46+D46+C46 -> 49.526 | M46: ='Структура пр 2'!E58 -> 20.782 | N46: ='Структура пр 2'!T58 -> 1.412 | O46: ='Структура пр 2'!AI58 -> 0.875 | P46: ='Структура пр 2'!AX58 -> 10.506 | Q46: =P46+O46+N46+M46 -> 33.575
A47: Общее потребление энергоресурсов (тыс. кВт·ч / Гкал / тыс. м³) | C47: ='Структура пр 2'!B54/1000 -> 1156.453 | D47: ='Структура пр 2'!Q54/1000 -> 1038.843 | E47: ='Структура пр 2'!AF54/1000 -> 1293.246 | F47: ='Структура пр 2'!AU54/1000 -> 1379.706 | G47: =F47+E47+D47+C47 -> 4868.248 | M47: ='Структура пр 2'!E54 -> 22.078 | N47: ='Структура пр 2'!T54 -> 2.708 | O47: ='Структура пр 2'!AI54 -> 2.171 | P47: ='Структура пр 2'!AX54 -> 11.802 | Q47: =P47+O47+N47+M47 -> 38.759
A48: Нормативное потребление, % э-э (8.6 кВт*ч/м2) газ (3.4 м3/м2) | C48: ='Расход на ед.п'!T18*100 -> 94.418605 | D48: ='Расход на ед.п'!T18*100 -> 94.418605 | E48: ='Расход на ед.п'!T18*100 -> 94.418605 | F48: ='Расход на ед.п'!T18*100 -> 94.418605 | G48: ='Расход на ед.п'!T18*100 -> 94.418605

Sheet мазут,уголь 5 
A1: Динамика изменения удельных показателей в 2022 году
A2: ЭНЕРГИЯ РЕСУРСЛАРИ | C2: Мазут, т | H2: Нефтепродукты, т (бензин) | M2: Уголь, т | R2: Нефтепродукты, т (дизель)
A3: Квартал | C3: I | D3: II | E3: III | F3: IV | G3: йил | H3: I | I3: II | J3: III | K3: IV | L3: йил | M3: I | N3: II | O3: III | P3: IV | Q3: йил | R3: I | S3: II | T3: III | U3: IV | V3: йил
A4: Основной вид продукции (услуги) | B4: удельный расход за прошлый год (факт)
B5: удельный расход за отчётный год (факт)
A6: Дополнительная продукция (услуга) | B6: удельный расход за прошлый год (факт)
A7: Технологическое потребление | B7: удельный расход за отчётный год (факт)
B8: удельный расход за прошлый год (факт)
A9: Изменение удельного энергопотребления в отчётном году по сравнению с фактическим удельным потреблением прошлого года, % (увеличение или снижение*
A10: Хозяйственно-бытовое потребление (тыс. кВт·ч / Гкал / тыс. м³)
A11: Общее потребление энергоресурсов (тыс. кВт·ч / Гкал / тыс. м³) | R11: ='[2]Структура пр 2 '!I10 -> 0 | S11: ='[2]Структура пр 2 '!X10 -> 0 | T11: ='[2]Структура пр 2 '!AM10 -> 0 | U11: ='[2]Структура пр 2 '!BB10 -> 0 | V11: =U11+T11+S11+R11 -> 0
A12: Нормативное потребление, %
A16: Динамика изменения удельных показателей в 2023 году
A17: ЭНЕРГИЯ РЕСУРСЛАРИ | C17: Мазут, т | H17: Нефтепродукты, т (бензин) | M17: Уголь, т | R17: Нефтепродукты, т (дизель)
A18: Квартал | C18: I | D18: II | E18: III | F18: IV | G18: йил | H18: I | I18: II | J18: III | K18: IV | L18: йил | M18: I | N18: II | O18: III | P18: IV | Q18: йил | R18: I | S18: II | T18: III | U18: IV | V18: йил
A19: Основной вид продукции (услуги) | B19: удельный расход за прошлый год (факт)
B20: удельный расход за отчётный год (факт)
A21: Дополнительная продукция (услуга) | B21: удельный расход за прошлый год (факт)
A22: Технологическое потребление | B22: удельный расход за отчётный год (факт)
B23: удельный расход за прошлый год (факт)
A24: Изменение удельного энергопотребления в отчётном году по сравнению с фактическим удельным потреблением прошлого года, % (увеличение или снижение*
A25: Хозяйственно-бытовое потребление (тыс. кВт·ч / Гкал / тыс. м³)
A26: Общее потребление энергоресурсов (тыс. кВт·ч / Гкал / тыс. м³) | R26: ='[2]Структура пр 2 '!I26 -> 0 | S26: ='[2]Структура пр 2 '!X26 -> 0 | T26: ='[2]Структура пр 2 '!AM26 -> 0 | U26: ='[2]Структура пр 2 '!BB26 -> 0 | V26: =U26+T26+S26+R26 -> 0
A27: Нормативное потребление, %
A31: Динамика изменения удельных показателей в 2024 году
A32: ЭНЕРГИЯ РЕСУРСЛАРИ | C32: Мазут, т | H32: Нефтепродукты, т (бензин) | M32: Уголь, т | R32: Нефтепродукты, т (дизель)
A33: Квартал | C33: I | D33: II | E33: III | F33: IV | G33: йил | H33: I | I33: II | J33: III | K33: IV | L33: йил | M33: I | N33: II | O33: III | P33: IV | Q33: йил | R33: I | S33: II | T33: III | U33: IV | V33: йил
A34: Основной вид продукции (услуги) | B34: удельный расход за прошлый год (факт)
B35: удельный расход за отчётный год (факт)
A36: Дополнительная продукция (услуга) | B36: удельный расход за прошлый год (факт)
A37: Технологическое потребление | B37: удельный расход за отчётный год (факт)
B38: удельный расход за прошлый год (факт)
A39: Изменение удельного энергопотребления в отчётном году по сравнению с фактическим удельным потреблением прошлого года, % (увеличение или снижение*
A40: Хозяйственно-бытовое потребление (тыс. кВт·ч / Гкал / тыс. м³)
A41: Общее потребление энергоресурсов (тыс. кВт·ч / Гкал / тыс. м³) | R41: ='[2]Структура пр 2 '!I42 -> 0 | S41: ='[2]Структура пр 2 '!X42 -> 0 | T41: ='[2]Структура пр 2 '!AM42 -> 0 | U41: ='[2]Структура пр 2 '!BB42 -> 0 | V41: =U41+T41+S41+R41 -> 0
A42: Нормативное потребление, %

Sheet паспорт здание 
A1: ШНҚ 1.03.03-23 «Қурилиш объектларини лойиҳалаштириш» шаҳарсозлик нормалари ва қоидаларига 4-ИЛОВА Бино (иншоот) энергетик паспортининг НАМУНАВИЙ ШАКЛИ
A5: Умумий маълумотлар
A6: Тўлдириш санаси (сана, ой, йил)
A7: Бинонинг номи
A8: Бинонинг адреси
A9: Лойиҳа ишлаб чиқувчиси | C9: -
A10: Қурилиш йили
A11: (охирги реконструкция йили)
A12: Бинонинг функционал вазифаси ва типи
A13: 1 | B13: Вазифаси
A14: 2 | B14: Бинода жойланиши
A15: 3 | B15: Типи (конструктив тизими, бино қаватларининг сони)
A16: Умумий кўрсаткичлар
B17: Кўрсаткич | C17: Ишораси ва ўлчов бирлиги | D17: Кўрсаткичларнинг қиймати
D18: меъёрий | E18: Ҳисобий | F18: ҳақиқий
E19: (лойиҳавий)
A20: 4 | B20: Бинонинг умумий юзаси | C20: A, m² | F20: 8725
A21: 5 | B21: Иситиладиган юза | C21: Ah, m² | F21: 705
A22: 6 | B22: Иситиладиган ҳажм | C22: Vh, m³ | F22: 2115
A23: 7 | B23: Қуйидаги томонларга қаратилган фасаднинг ойнавандланган коэффициенти: | C23: f
B24: Ш (ШШ) | D24: -
B25: Ш (ЖШ) | D25: -
B26: Ж (ЖҒ) | D26: -
B27: Ғ (ШҒ) | D27: -
A28: 8 | B28: Иссиқликдан ҳимоя қилиш меъёрий даражаси | D28: 130 | F28: 90
A29: 9 | B29: Йилнинг совуқ мавсумида ички ҳавонинг ҳарорати | C29: tв, °С | E29: 20 | F29: 20
A30: 10 | B30: Йилнинг иссиқ мавсумида ички ҳавонинг ҳарорати (сунъий иқлимни яратишда) | C30: tв, °С | E30: 26 | F30: 26
A31: 11 | B31: Бино шамоллатилишининг карралиги | C31: n, с-1
A32: Энергетик кўрсаткичлар
A33: 12 | B33: Иситиш учун сарфланадиган иссиқликнинг сарфи | C33: Qо, W | F33: 6125
A34: 13 | B34: Вентиляция оқимида ҳаво иситгичини иссиқлик билан таъминлашда иссиқлик сарфи | C34: Qо, W
A35: 14 | B35: Иситиш ва вентиляция учун иссиқликнинг умумий сарфи | C35: Qov, W | F35: 235224000
A36: 15 | B36: Сунъий иқлимни ҳосил қилиш учун совуқлик сарфи | C36: Qк, W | F36: 9000
A37: 16 | B37: Иситиш ва вентиляция учун иссиқликнинг солиштирма сарфи (бино умумий юзасининг 1 m² учун) | C37: qov, W/m² | F37: 8.68
A38: 17 | B38: Сунъий иқлимни ҳосил қилиш учун совуқликнинг солиштирма сарфи (бино умумий юзасининг 1 m² учун) | C38: qк, | F38: 12.76
C39: W/m²
A40: 18 | B40: Бинода ички меъёрий параметрларни сақлаш учун зарур бўлган энергиянинг шартли солиштирма сарфи | C40: qэ, W/m² | F40: 33.49
A41: 19 | B41: Сунъий ёритиш электр қабул қилувчиларнинг белгиланган умумий қуввати | C41: Nу.о, kW | F41: 3.28
A42: 20 | B42: Иситиш тизими, вентиляция ва сунъий иқлимни ҳосил қилиш учун электр қабул қилувчиларнинг белгиланган умумий қуввати | C42: Nу, kW
A43: 21 | B43: Иситиш тизими, вентиляция ва сунъий иқлимни ҳосил қилиш учун электр қабул қилувчиларнинг умумий ҳисоби юкламаси | C43: Nпот, kW
A44: Эксплуатацион кўрсаткичлар
A45: 22 | B45: Иситиш мавсумида бинони иситилиши учун сарфланадиган иссиқлик миқдори сарфи | C45: Qh, MJ(Гкал) | F45: 202.29
A46: 23 | B46: Йилнинг иссиқ мавсумида сунъий иқлимни ҳосил қилиш учун совуқлик миқдори сарфи | C46: Qк, MJ(Гкал) | F46: 22.93
A47: 24 | B47: Йилнинг иссиқ мавсумида сунъий иқлимни ҳосил қилиш учун сарфланадиган электр энергиянинг сарфи | C47: Wк, | F47: 26.666
C48: MW-соат
A49: 25 | B49: Йил бўйича электр энергиянинг умумий сарфи | C49: Wумумий MW-соат | F49: 1425
A50: Хулоса
A51: 26 | B51: Бинонинг талаб этиладиган иссиқлик ҳимояга мувофиқлиги | D51: удв | E51: удв | F51: удв
A52: 27 | B52: Энергия самарадорлик синфи | D52: А | E52: А | F52: А
A53: Паспорт тўлдирилди
A54: 28 | B54: Ташкилот
A55: 29 | B55: Юридик манзили ва телефон (алоқа)
A56: 30 | B56: Масъул бажарувчи шахс

Sheet Расход  на ед.п
A1: Динамика изменения энергетических показателей по годам
M2: Таблица 6
A3: Год | C3: 2022 год | H3: 2023 год | M3: 2024 год
A4: Квартал | C4: I | D4: II | E4: II | F4: IV | G4: год | H4: I | I4: II | J4: III | K4: IV | L4: год | M4: I | N4: II | O4: III | P4: IV | Q4: год
A5: Установленная электрическая мощность в часы максимума энергосистемы (кВт) | C5: 1630 | D5: 1630 | E5: 1630 | F5: 1630 | G5: 1630 | H5: 1630 | I5: 1630 | J5: 1630 | K5: 1630 | L5: 1630 | M5: 1630 | N5: 1630 | O5: 1630 | P5: 1630 | Q5: 1630
A6: Основной вид продукции (услуги) | B6: удельный расход за прошлый год (факт) | C6: 0 | D6: 0 | E6: 0 | F6: 0 | G6: 0 | H6: =C7 -> 0 | I6: =D7 -> 890249 | J6: =E7 -> 1078949 | K6: =F7 -> 1014849 | L6: =G7 -> 2984047 | M6: =H7 -> 943780 | N6: =I7 -> 1282804 | O6: =J7 -> 1444004 | ... Q6: =L7 -> 5113953
B7: удельный расход за отчётный год (факт) | C7: ='Динамика ср'!C6 -> 0 | D7: ='Динамика ср'!D6 -> 890249 | E7: ='Динамика ср'!E6 -> 1078949 | F7: ='Динамика ср'!F6 -> 1014849 | G7: ='Динамика ср'!G6 -> 2984047 | H7: ='Динамика ср'!C23 -> 943780 | I7: ='Динамика ср'!D23 -> 1282804 | J7: ='Динамика ср'!E23 -> 1444004 | K7: ='Динамика ср'!F23 -> 1443365 | L7: ='Динамика ср'!G23 -> 5113953 | M7: ='Динамика ср'!C40 -> 1121559 | N7: ='Динамика ср'!D40 -> 1007498 | O7: ='Динамика ср'!E40 -> 1254224 | P7: ='Динамика ср'!F40 -> 1338076 | Q7: ='Динамика ср'!G40 -> 4721357
A8: Дополнительная продукция (услуга) | B8: удельный расход за прошлый год (факт)
B9: удельный расход за отчётный год (факт)
A10: Производственный и общий расход (в т.у.т.) | B10: удельный расход за прошлый год (факт) | C10: 0 | D10: 0 | E10: 0 | F10: 0 | G10: 0 | H10: =C11 -> 120.78268 | I10: =D11 -> 109.50063 | J10: =E11 -> 132.71073 | K10: =F11 -> 124.82643 | L10: =G11 -> 487.82046 | M10: =H11 -> 133.27498 | N10: =I11 -> 161.70801 | O10: =J11 -> 180.93241 | ... Q10: =L11 -> 666.42622
B11: удельный расход за отчётный год (факт) | C11: =Баланс!BA14 -> 120.78268 | D11: =Баланс!BB14 -> 109.50063 | E11: =Баланс!BC14 -> 132.71073 | F11: =Баланс!BD14 -> 124.82643 | G11: =Баланс!BE14 -> 487.82046 | H11: =Баланс!BA32 -> 133.27498 | I11: =Баланс!BB32 -> 161.70801 | J11: =Баланс!BC32 -> 180.93241 | K11: =Баланс!BD32 -> 190.51082 | L11: =Баланс!BE32 -> 666.42622 | M11: =Баланс!BA51 -> 137.95176 | N11: =Баланс!BB51 -> 123.92225 | O11: =Баланс!BC51 -> 154.26955 | P11: =Баланс!BD51 -> 164.58335 | Q11: =Баланс!BE51 -> 580.72691
A12: Технологическое потребление ( т.у.т) | B12: удельный расход за прошлый год (факт) | C12: 0 | D12: 0 | E12: 0 | F12: 0 | G12: 0 | H12: =C13 -> 97.860645 | I12: =D13 -> 88.719777 | J12: =E13 -> 107.525 | K12: =F13 -> 101.137 | L12: =G13 -> 395.24242 | M12: =H13 -> 94.054533 | N12: =I13 -> 127.84067 | O12: =J13 -> 143.90545 | ... Q12: =L13 -> 509.64238
B13: удельный расход за отчётный год (факт) | C13: =Баланс!BA10 -> 97.860645 | D13: =Баланс!BB10 -> 88.719777 | E13: =Баланс!BC10 -> 107.525 | F13: =Баланс!BD10 -> 101.137 | G13: =Баланс!BE10 -> 395.24242 | H13: =Баланс!BA28 -> 94.054533 | I13: =Баланс!BB28 -> 127.84067 | J13: =Баланс!BC28 -> 143.90545 | K13: =Баланс!BD28 -> 143.84173 | L13: =Баланс!BE28 -> 509.64238 | M13: =Баланс!BA47 -> 111.77145 | N13: =Баланс!BB47 -> 100.40441 | O13: =Баланс!BC47 -> 124.99248 | P13: =Баланс!BD47 -> 133.34897 | Q13: =Баланс!BE47 -> 470.51731
A14: Изменение фактического удельного энергопотребления в отчётном году по сравнению с фактическим удельным расходом прошлого года, % (увеличение или снижение*) | C14: 0 | D14: 0 | E14: 0 | F14: 0 | G14: 0 | H14: 2 % увеличение | I14: 41.1 % увеличение | J14: 4.6 % увеличение | K14: 6.7 % снижение | L14: 8.2 % увеличение | M14: 0.6 % увеличение | N14: 23.4 % снижение | O14: 31.3 % снижение | P14: 37.9 % снижение | Q14: 21.4 % снижение
A15: Хозяйственно-бытовое потребление | B15: ( т.у.т) | C15: =Баланс!BA13 -> 17.937383 | D15: =Баланс!BB13 -> 3.979097 | E15: =Баланс!BC13 -> 2.773674 | F15: =Баланс!BD13 -> 10.270458 | G15: =Баланс!BE13 -> 34.960612 | H15: =Баланс!BA31 -> 16.90438 | I15: =Баланс!BB31 -> 4.074848 | J15: =Баланс!BC31 -> 3.679641 | K15: =Баланс!BD31 -> 13.335903 | L15: =Баланс!BE31 -> 37.994772 | M15: =Баланс!BA50 -> 25.554215 | N15: =Баланс!BB50 -> 2.937784 | O15: =Баланс!BC50 -> 2.633311 | P15: =Баланс!BD50 -> 13.913388 | Q15: =Баланс!BE50 -> 45.038698 | S15: кВт/м2 | U15: м3/м2 | Y15: =(R16/1000)*0.123 -> 0.0010578 | Z15: =V16/1000*1.16 -> 0.003944 | AA15: =Y15+Z15 -> 0.0050018
A16: Общее потребление энергоресурсов | B16: ( т.у.т) | C16: =Баланс!BA9 -> 142.71417 | D16: =Баланс!BB9 -> 117.24124 | E16: =Баланс!BC9 -> 139.72451 | F16: =Баланс!BD9 -> 139.17439 | G16: =Баланс!BE9 -> 538.85431 | H16: =Баланс!BA27 -> 136.03159 | I16: =Баланс!BB27 -> 166.61694 | J16: =Баланс!BC27 -> 186.45831 | K16: =Баланс!BD27 -> 196.03425 | L16: =Баланс!BE27 -> 685.1411 | M16: =Баланс!BA46 -> 167.8542 | N16: =Баланс!BB46 -> 130.91897 | O16: =Баланс!BC46 -> 161.58762 | P16: =Баланс!BD46 -> 183.39416 | Q16: =Баланс!BE46 -> 643.75494 | R16: 8.6 | S16: 5.75 | T16: =S16/R16 -> 0.66860465 | U16: 1.383 | V16: 3.4 | W16: =U16/V16 -> 0.40676471 | Y16: =(S16/1000)*0.123 -> 0.00070725 | Z16: =(U16/1000)*1.16 -> 0.00160428 | AA16: =Y16+Z16 -> 0.00231153 | AB16: =AA16/AA15 -> 0.46213963
A17: Нормативное потребление, % (0.005/м2) | G17: 53.8 % снижение | L17: 38.4 % снижение | Q17: 1 % снижение | R17: 8.6 | S17: 6.59 | T17: =S17/R17 -> 0.76627907 | U17: 1.949 | V17: 3.4 | W17: =U17/V17 -> 0.57323529 | Y17: =(S17/1000)*0.123 -> 0.00081057 | Z17: =(U17/1000)*1.16 -> 0.00226084 | AA17: =Y17+Z17 -> 0.00307141 | AB17: =AA17/AA15 -> 0.61406094
A18: Транзитный передачи | B18: ( т.у.т) | C18: =Баланс!BA8 -> 0 | D18: =Баланс!BB8 -> 0 | E18: =Баланс!BC8 -> 0 | F18: =Баланс!BD8 -> 0 | G18: =Баланс!BE8 -> 0 | H18: =Баланс!BA26 -> 0 | I18: =Баланс!BB26 -> 0 | J18: =Баланс!BC26 -> 0 | K18: =Баланс!BD26 -> 0 | L18: =Баланс!BE26 -> 0 | M18: =Баланс!BA45 -> 0 | N18: =Баланс!BB45 -> 0 | O18: =Баланс!BC45 -> 0 | P18: =Баланс!BD45 -> 0 | Q18: =Баланс!BE45 -> 0 | R18: 8.6 | S18: 8.12 | T18: =S18/R18 -> 0.94418605 | U18: 3.413 | V18: 3.4 | W18: =U18/V18 -> 1.0038235 | Y18: =(S18/1000)*0.123 -> 0.00099876 | Z18: =(U18/1000)*1.16 -> 0.00395908 | AA18: =Y18+Z18 -> 0.00495784 | AB18: =AA18/AA15 -> 0.99121116

Sheet Мероприятия
A1: № | B1: Наименование объекта | C1: Наименование мероприятия | D1: Экономия (т.ут.) | E1: Экономия по видам | F1: Срок реализации | G1: Примечание
A2: Электроэнергия
A3: 1 | B3: Производственные цеха | C3: Установка частотных преобразователей | D3: 178 | E3: 1 244 тыс.кВт·ч/год | F3: 1 год
A4: 2 | B4: Электроустановки | C4: Контур заземления электрооборудования | D4: 0 | E4: 37 млн сум/год | F4: 1 год | G4: (штрафы, выплаты
A5: 3 | B5: Производственные цеха | C5: Система технологического учёта электроэнергии | D5: 40.8 | E5: 120 тыс.кВт·ч | F5: 1 год
A6: 4 | B6: Компрессорная станция | C6: Установка устройств плавного пуска (Soft Starter) | D6: 1.5 | E6: 4,25 тыс.кВт·ч/год | F6: 1 год
A7: 5 | B7: Система электроснабжения | C7: Установка столбовой ячейки коммерческого учёта | D7: 5.7 | E7: 40 тыс.кВт·ч/год | F7: 1 год
A8: 6 | B8: Электроустановки | C8: Фотоэлектрическая станция 30 кВт | D8: 76.5 | E8: 45 тыс.кВт·ч | F8: 1 год
A9: Природный газ
A10: 7 | B10: Система газоснабжения | C10: Модернизация ГРП с регуляторами MADAS | D10: 2.4 | E10: 2,0 тыс.м³ | F10: 1 год
A11: 8 | B11: Система ГВС | C11: Солнечные вакуумные коллекторы | D11: 10.3 | E11: 8,6 тыс.м³ | F11: 1 год
A12: Тепловая энергия

Sheet Объемы продукции
A1: № | B1: Продукция | C1: Норма, т | D1: Факт 2022, т | E1: Факт 2023, т | F1: Факт 2024, т | G1: Откл 2022, т | H1: Откл 2022, % | I1: Откл 2023, т | J1: Откл 2023, % | K1: Откл 2024, т | L1: Откл 2024, % | M1: Доля 2022, % | N1: Доля 2023, % | O1: Доля 2024, %
A2: 1 | B2: труба ХВС | C2: 630 | D2: 657 | E2: 668 | F2: 793 | G2: =D2-C2 -> 27 | H2: =D2/C2-1 -> 0.042857143 | I2: =E2-C2 -> 38 | J2: =E2/C2-1 -> 0.06031746 | K2: =F2-C2 -> 163 | L2: =F2/C2-1 -> 0.25873016 | M2: =D2/$D$7 -> 0.10284909 | N2: =E2/$E$7 -> 0.10366232 | O2: =F2/$F$7 -> 0.11254613
A3: 2 | B3: фитинги ХВС и ГВС | C3: 2100 | D3: 2127 | E3: 2139 | F3: 2246 | G3: =D3-C3 -> 27 | H3: =D3/C3-1 -> 0.012857143 | I3: =E3-C3 -> 39 | J3: =E3/C3-1 -> 0.018571429 | K3: =F3-C3 -> 146 | L3: =F3/C3-1 -> 0.06952381 | M3: =D3/$D$7 -> 0.33296807 | N3: =E3/$E$7 -> 0.33193669 | O3: =F3/$F$7 -> 0.31876242
A4: 3 | B4: канализационные трубы | C4: 750 | D4: 777 | E4: 788 | F4: 911 | G4: =D4-C4 -> 27 | H4: =D4/C4-1 -> 0.036 | I4: =E4-C4 -> 38 | J4: =E4/C4-1 -> 0.050666667 | K4: =F4-C4 -> 161 | L4: =F4/C4-1 -> 0.21466667 | M4: =D4/$D$7 -> 0.12163431 | N4: =E4/$E$7 -> 0.1222843 | O4: =F4/$F$7 -> 0.12929322
A5: 4 | B5: канализационные фитинги | C5: 2100 | D5: 2129 | E5: 2138 | F5: 2259 | G5: =D5-C5 -> 29 | H5: =D5/C5-1 -> 0.013809524 | I5: =E5-C5 -> 38 | J5: =E5/C5-1 -> 0.018095238 | K5: =F5-C5 -> 159 | L5: =F5/C5-1 -> 0.075714286 | M5: =D5/$D$7 -> 0.33328115 | N5: =E5/$E$7 -> 0.3317815 | O5: =F5/$F$7 -> 0.32060744
A6: 5 | B6: тёплый пол | C6: 670 | D6: 698 | E6: 711 | F6: 837 | G6: =D6-C6 -> 28 | H6: =D6/C6-1 -> 0.041791045 | I6: =E6-C6 -> 41 | J6: =E6/C6-1 -> 0.06119403 | K6: =F6-C6 -> 167 | L6: =F6/C6-1 -> 0.24925373 | M6: =D6/$D$7 -> 0.10926738 | N6: =E6/$E$7 -> 0.1103352 | O6: =F6/$F$7 -> 0.1187908
B7: ИТОГО | C7: =SUM(C2:C6) -> 6250 | D7: =SUM(D2:D6) -> 6388 | E7: =SUM(E2:E6) -> 6444 | F7: =SUM(F2:F6) -> 7046 | G7: =D7-C7 -> 138 | H7: =D7/C7-1 -> 0.02208 | I7: =E7-C7 -> 194 | J7: =E7/C7-1 -> 0.03104 | K7: =F7-C7 -> 796 | L7: =F7/C7-1 -> 0.12736 | M7: 1 | N7: 1 | O7: 1
B9: Год | C9: 2022 | D9: 2023 | E9: 2024
B10: Технологическое потребление, т.у.т | C10: ='Расход на ед.п'!C13 -> 97.860645 | D10: ='Расход на ед.п'!H13 -> 94.054533 | E10: ='Расход на ед.п'!M13 -> 111.77145
B11: Удельный расход на 1 т продукции, т.у.т/т | C11: =C10/D7 -> 0.01531945 | D11: =D10/E7 -> 0.014595676 | E11: =E10/F7 -> 0.015863107
A13: № | B13: Назви | C13: Норма | D13: Факт | E13: Факт | F13: Факт
C14: тонна | D14: 2022 | E14: 2023 | F14: 2024
A15: 1 | B15: Труба хвс | C15: 630 | D15: 657 | E15: 668 | F15: 793
A16: 2 | B16: Фит хвс и гвс | C16: 2100 | D16: 2127 | E16: 2139 | F16: 2246
A17: 3 | B17: Канал труба | C17: 750 | D17: 777 | E17: 788 | F17: 911
A18: 4 | B18: Канал фитинг | C18: 2100 | D18: 2129 | E18: 2138 | F18: 2259
A19: 5 | B19: Топ. пол | C19: 670 | D19: 698 | E19: 711 | F19: 837
A21: № | B21: Название | C21: Норма (кВт) | D21: Факт (кВт) 2022 | E21: Факт (кВт) 2023 | F21: Факт (кВт) 2024 | G21: Перерасход (%) 2022 | H21: Перерасход (%) 2023 | I21: Перерасход (%) 2024
A22: 1 | B22: Трубы ХВС | C22: 630 | D22: 657 | E22: 668 | F22: 793 | G22: 4.29 | H22: 6.03 | I22: 25.87
A23: 2 | B23: Фитинги ХВС | C23: 2100 | D23: 2127 | E23: 2139 | F23: 2246 | G23: 1.29 | H23: 1.86 | I23: 6.95
A24: 3 | B24: Канализационные трубы | C24: 750 | D24: 777 | E24: 788 | F24: 911 | G24: 3.6 | H24: 5.07 | I24: 21.47
A25: 4 | B25: Канализационные фитинги | C25: 2100 | D25: 2129 | E25: 2138 | F25: 2259 | G25: 1.38 | H25: 1.81 | I25: 7.57
A26: 5 | B26: Трубы теплого пола | C26: 670 | D26: 698 | E26: 711 | F26: 837 | G26: 4.18 | H26: 6.12 | I26: 24.93

Sheet Продукция
A1: 2022 | B1: Труба хвс | C1: Канал труба | D1: Канал фитинг | E1: Фит хвс и гвс | F1: Топ. пол | G1: ИТОГО
A2: Январь | B2: 260800 | C2: 2420 | D2: 4409 | E2: 17815 | F2: 30698 | G2: 316142
A3: Февраль | B3: 209668 | C3: 4928 | D3: 11845 | E3: 15449 | F3: 48098 | G3: 289988
A4: Март | B4: 224469 | C4: 3899 | D4: 7389 | E4: 103846 | F4: 70998 | G4: 410601
A5: Апрель | B5: 331176 | C5: 56261 | D5: 27957 | E5: 21862 | F5: 41305 | G5: 478561
A6: Май | B6: 134905 | C6: 160127 | D6: 41925 | E6: 22105 | F6: 53622 | G6: 412684
A7: Июнь | B7: 250607 | C7: 29490 | D7: 9209 | E7: 12989 | F7: 42927 | G7: 345222
A8: Июль | B8: 71732 | C8: 102548 | D8: 34088 | E8: 14835 | F8: 40547 | G8: 263750
A9: Август | B9: 118666 | C9: 121225 | D9: 21387 | E9: 0 | F9: 45053 | G9: 306331
A10: Сентябрь | B10: 233469 | C10: 138300 | D10: 6690 | E10: 10126 | F10: 44747 | G10: 433332
A11: Октябрь | B11: 226198 | C11: 154672 | D11: 49956 | E11: 17334 | F11: 48148 | G11: 496308
A12: Ноябрь | B12: 173685 | C12: 278144 | D12: 3150 | E12: 2370 | F12: 50397 | G12: 507746
A13: Декабрь | B13: 118565 | C13: 218250 | D13: 3825 | E13: 0 | F13: 70966 | G13: 411606
A14: Итого | B14: 2353940 | C14: 1270264 | D14: 221830 | E14: 238732 | F14: 587506 | G14: 4672270
A16: 2023 | B16: Труба хвс | C16: Канал труба | D16: Канал фитинг | E16: Фит хвс и гвс | F16: Топ. пол | G16: ИТОГО
A17: Январь | B17: 255516 | C17: 5577 | D17: 25170 | E17: 16002 | F17: 48098 | G17: 350362
A18: Февраль | B18: 299976 | C18: 38905 | D18: 54108 | E18: 78999 | F18: 43748 | G18: 515737
A19: Март | B19: 339630 | C19: 114400 | D19: 11479 | E19: 31563 | F19: 37099 | G19: 534171
A20: Апрель | B20: 352825 | C20: 87315 | D20: 6811 | E20: 28767 | F20: 45799 | G20: 521517
A21: Май | B21: 300275 | C21: 119650 | D21: 65279 | E21: 20641 | F21: 34800 | G21: 540645
A22: Июнь | B22: 228925 | C22: 114175 | D22: 48150 | E22: 2512 | F22: 79060 | G22: 472822
A23: Июль | B23: 434970 | C23: 32275 | D23: 6084 | E23: 19558 | F23: 42599 | G23: 535485
A24: Август | B24: 331635 | C24: 162195 | D24: 10400 | E24: 28016 | F24: 39398 | G24: 571644
A25: Сентябрь | B25: 240547 | C25: 179350 | D25: 30166 | E25: 46013 | F25: 55745 | G25: 551821
A26: Октябрь | B26: 404635 | C26: 85300 | D26: 7968 | E26: 16869 | F26: 59097 | G26: 573869
A27: Ноябрь | B27: 390109 | C27: 94775 | D27: 41333 | E27: 8943 | F27: 48098 | G27: 583259
A28: Декабрь | B28: 270151 | C28: 91445 | D28: 11314 | E28: 10989 | F28: 44896 | G28: 428795
A29: Итого | B29: 3849193 | C29: 1125362 | D29: 318263 | E29: 308872 | F29: 578436 | G29: 6180127
A31: 2024 | B31: Труба хвс | C31: Канал труба | D31: Канал фитинг | E31: Фит хвс и гвс | F31: Топ. пол | G31: ИТОГО
A32: Январь | B32: 204971 | C32: 48925 | D32: 37112 | E32: 69992 | F32: 39398 | G32: 400398
A33: Февраль | B33: 216023 | C33: 108480 | D33: 96804 | E33: 29073 | F33: 37049 | G33: 487429
A34: Март | B34: 190950 | C34: 72000 | D34: 75853 | E34: 17296 | F34: 16223 | G34: 372322
A35: Апрель | B35: 181338 | C35: 114750 | D35: 1619 | E35: 24581 | F35: 21998 | G35: 344285
A36: Май | B36: 321118 | C36: 48000 | D36: 27700 | E36: 22910 | F36: 66154 | G36: 485881
A37: Июнь | B37: 173142 | C37: 110758 | D37: 389 | E37: 8254 | F37: 39398 | G37: 331942
A38: Июль | B38: 200400 | C38: 103075 | D38: 88124 | E38: 16340 | F38: 48098 | G38: 456037
A39: Август | B39: 115190 | C39: 234450 | D39: 101255 | E39: 163 | F39: 67797 | G39: 518855
A40: Сентябрь | B40: 205583 | C40: 199993 | D40: 11185 | E40: 27537 | F40: 64870 | G40: 509166
A41: Октябрь | B41: 247950 | C41: 198500 | D41: 71564 | E41: 10560 | F41: 59097 | G41: 587671
A42: Ноябрь | B42: 190925 | C42: 144878 | D42: 101748 | E42: 3732 | F42: 59097 | G42: 500380
A43: Декабрь | B43: 281860 | C43: 103953 | D43: 167 | E43: 12537 | F43: 64597 | G43: 463113
A44: Итого | B44: 2324683 | C44: 1487762 | D44: 613519 | E44: 242976 | F44: 583775 | G44: 5 457 480
